id,title,venue,year,authors,doi,Label,resolved_doi,openalex_id,semantic_scholar_id,primary_topic,primary_topic_score,topic_1,topic_1_score,topic_2,topic_2_score,topic_3,topic_3_score,keyword_1,keyword_1_score,keyword_2,keyword_2_score,keyword_3,keyword_3_score,topics_json,keywords_json,fetch_source
0,"Proceedings 41st International Conference on Logic Programming, ICLP 2025, Rende, Italy, 12-19th September 2025.",iclp,2026,Paul Tarau,https://www.semanticscholar.org/paper/f7391104e89d3ae6456960c316a2758d5850e6b0,1,10.48550/arxiv.2601.00047,https://openalex.org/W7119182182,f7391104e89d3ae6456960c316a2758d5850e6b0,"Logic, Reasoning, and Knowledge",0.7670000195503235,"Logic, Reasoning, and Knowledge",0.7670000195503235,Advanced Algebra and Logic,0.03440000116825104,Machine Learning and Algorithms,0.03200000151991844,Logic programming,0.6032999753952026,Event (particle physics),0.557200014591217,Volume (thermodynamics),0.38670000433921814,"[{""id"": ""https://openalex.org/T11010"", ""display_name"": ""Logic, Reasoning, and Knowledge"", ""score"": 0.7670000195503235}, {""id"": ""https://openalex.org/T11727"", ""display_name"": ""Advanced Algebra and Logic"", ""score"": 0.03440000116825104}, {""id"": ""https://openalex.org/T12072"", ""display_name"": ""Machine Learning and Algorithms"", ""score"": 0.03200000151991844}]","[{""id"": ""https://openalex.org/keywords/logic-programming"", ""display_name"": ""Logic programming"", ""score"": 0.6032999753952026}, {""id"": ""https://openalex.org/keywords/event"", ""display_name"": ""Event (particle physics)"", ""score"": 0.557200014591217}, {""id"": ""https://openalex.org/keywords/volume"", ""display_name"": ""Volume (thermodynamics)"", ""score"": 0.38670000433921814}]",openalex_s2_doi
1,Conditionals and Temporal Conditionals for Gradual Argumentation.,iclp,2025,,https://www.semanticscholar.org/paper/8328d53dae0b05fd09b0d1f2326bda354ee250b7,1,,,8328d53dae0b05fd09b0d1f2326bda354ee250b7,Computer Science,1.0,Computer Science,1.0,,,,,conditional,1.0,logic,1.0,temporal,1.0,"[{""display_name"": ""Computer Science"", ""score"": 1.0, ""source"": ""s2FieldsOfStudy""}]","[{""display_name"": ""conditional"", ""score"": 1.0, ""source"": ""s2_text""}, {""display_name"": ""logic"", ""score"": 1.0, ""source"": ""s2_text""}, {""display_name"": ""temporal"", ""score"": 1.0, ""source"": ""s2_text""}]",semantic_scholar
2,Learning and Contesting Assumption-based Argumentation Frameworks (Invited Talk).,iclp,2025,"Ofer Arieli, Jesse Heyninck",https://www.semanticscholar.org/paper/1c433ff0c724aeaa6449948f3f99ec30a20e9bc5,2,,,1c433ff0c724aeaa6449948f3f99ec30a20e9bc5,Computer Science,1.0,Computer Science,1.0,Philosophy,0.85,,,aba,1.0,frameworks,1.0,learning,1.0,"[{""display_name"": ""Computer Science"", ""score"": 1.0, ""source"": ""s2FieldsOfStudy""}, {""display_name"": ""Philosophy"", ""score"": 0.85, ""source"": ""s2FieldsOfStudy""}]","[{""display_name"": ""aba"", ""score"": 1.0, ""source"": ""s2_text""}, {""display_name"": ""frameworks"", ""score"": 1.0, ""source"": ""s2_text""}, {""display_name"": ""learning"", ""score"": 1.0, ""source"": ""s2_text""}]",semantic_scholar
3,Agentified Argumentative Learning (short paper).,iclp,2025,,https://www.semanticscholar.org/paper/666f0fa6242f59f0efad52bf4fca6e57dec3df21,1,,,666f0fa6242f59f0efad52bf4fca6e57dec3df21,Computer Science,1.0,Computer Science,1.0,,,,,agentified,1.0,argumentative,1.0,learning,1.0,"[{""display_name"": ""Computer Science"", ""score"": 1.0, ""source"": ""s2FieldsOfStudy""}]","[{""display_name"": ""agentified"", ""score"": 1.0, ""source"": ""s2_text""}, {""display_name"": ""argumentative"", ""score"": 1.0, ""source"": ""s2_text""}, {""display_name"": ""learning"", ""score"": 1.0, ""source"": ""s2_text""}]",semantic_scholar
4,Empowering Public Interest Communication with Argumentation - Project Report (short paper).,iclp,2025,Alejandra Casas Niño de Rivera,https://www.semanticscholar.org/paper/08195948156fdb7d400d37e1cd8af51fbcd2918b,1,,,08195948156fdb7d400d37e1cd8af51fbcd2918b,Computer Science,1.0,Computer Science,1.0,,,,,direction,1.0,future,1.0,project,1.0,"[{""display_name"": ""Computer Science"", ""score"": 1.0, ""source"": ""s2FieldsOfStudy""}]","[{""display_name"": ""direction"", ""score"": 1.0, ""source"": ""s2_text""}, {""display_name"": ""future"", ""score"": 1.0, ""source"": ""s2_text""}, {""display_name"": ""project"", ""score"": 1.0, ""source"": ""s2_text""}]",semantic_scholar
5,Early Insights into Argumentation-Guided Causal Evaluation with the Help of LLMs.,iclp,2025,"Shuang Wang, Wenjie Chen, Yang Zhang, Ting Chen, Jian Du",https://www.semanticscholar.org/paper/650254488e053873c1d94fbf2e1c9fb0442a202b,2,,,650254488e053873c1d94fbf2e1c9fb0442a202b,Computer Science,1.0,Computer Science,1.0,,,,,causal,1.0,algorithm,0.25,algorithms,0.25,"[{""display_name"": ""Computer Science"", ""score"": 1.0, ""source"": ""s2FieldsOfStudy""}]","[{""display_name"": ""causal"", ""score"": 1.0, ""source"": ""s2_text""}, {""display_name"": ""algorithm"", ""score"": 0.25, ""source"": ""s2_text""}, {""display_name"": ""algorithms"", ""score"": 0.25, ""source"": ""s2_text""}]",semantic_scholar
6,Some Enhancements to the Prolog Playground and ALD Notebooks for the Modern Prolog Classroom.,iclp,2025,,https://www.semanticscholar.org/paper/e0033a1ff429de2549c3758e1c5bf8591ecd9c53,3,,,e0033a1ff429de2549c3758e1c5bf8591ecd9c53,Computer Science,1.0,Computer Science,1.0,Education,0.85,,,playground,1.0,prolog,0.75,able,0.5,"[{""display_name"": ""Computer Science"", ""score"": 1.0, ""source"": ""s2FieldsOfStudy""}, {""display_name"": ""Education"", ""score"": 0.85, ""source"": ""s2FieldsOfStudy""}]","[{""display_name"": ""playground"", ""score"": 1.0, ""source"": ""s2_text""}, {""display_name"": ""prolog"", ""score"": 0.75, ""source"": ""s2_text""}, {""display_name"": ""able"", ""score"": 0.5, ""source"": ""s2_text""}]",semantic_scholar
7,Temporal Conditional Reasoning with Weighted Knowledge Bases.,iclp,2025,Christian Eichhorn,https://www.semanticscholar.org/paper/450304e6da31299973eefb780ea12ee91305da4c,3,,,450304e6da31299973eefb780ea12ee91305da4c,Computer Science,1.0,Computer Science,1.0,Mathematics,0.85,,,temporal,1.0,conditional,0.75,logic,0.75,"[{""display_name"": ""Computer Science"", ""score"": 1.0, ""source"": ""s2FieldsOfStudy""}, {""display_name"": ""Mathematics"", ""score"": 0.85, ""source"": ""s2FieldsOfStudy""}]","[{""display_name"": ""temporal"", ""score"": 1.0, ""source"": ""s2_text""}, {""display_name"": ""conditional"", ""score"": 0.75, ""source"": ""s2_text""}, {""display_name"": ""logic"", ""score"": 0.75, ""source"": ""s2_text""}]",semantic_scholar
8,Teaching ASP (and Its Users) to Share Code: Abstract (Invited Talk).,iclp,2025,Terri Lindenberg,https://www.semanticscholar.org/paper/7d8de01e15f2da146f1633cbca841525f518dfa2,4,,,7d8de01e15f2da146f1633cbca841525f518dfa2,Computer Science,1.0,Computer Science,1.0,,,,,asp,1.0,code,0.5,new,0.5,"[{""display_name"": ""Computer Science"", ""score"": 1.0, ""source"": ""s2FieldsOfStudy""}]","[{""display_name"": ""asp"", ""score"": 1.0, ""source"": ""s2_text""}, {""display_name"": ""code"", ""score"": 0.5, ""source"": ""s2_text""}, {""display_name"": ""new"", ""score"": 0.5, ""source"": ""s2_text""}]",semantic_scholar
9,A Preliminary Evaluation of Open-Source LLMs for Datalog-Based Semantic Parsing in the ASVIN Project.,iclp,2025,"Amad Atiq, George Ubakanma, Muddesar Iqbal",https://www.semanticscholar.org/paper/e1ee65ae926531b70297e837445bb5e10a048588,1,,,e1ee65ae926531b70297e837445bb5e10a048588,Computer Science,1.0,Computer Science,1.0,,,,,across,1.0,assistants,1.0,asvin,1.0,"[{""display_name"": ""Computer Science"", ""score"": 1.0, ""source"": ""s2FieldsOfStudy""}]","[{""display_name"": ""across"", ""score"": 1.0, ""source"": ""s2_text""}, {""display_name"": ""assistants"", ""score"": 1.0, ""source"": ""s2_text""}, {""display_name"": ""asvin"", ""score"": 1.0, ""source"": ""s2_text""}]",semantic_scholar
10,ASP Chef Creates Surveys.,iclp,2025,,https://www.semanticscholar.org/paper/d5f2cec014c85b45fea94485b6e554d34ef687d1,3,,,d5f2cec014c85b45fea94485b6e554d34ef687d1,Computer Science,1.0,Computer Science,1.0,,,,,asp,1.0,chef,0.75,interactive,0.5,"[{""display_name"": ""Computer Science"", ""score"": 1.0, ""source"": ""s2FieldsOfStudy""}]","[{""display_name"": ""asp"", ""score"": 1.0, ""source"": ""s2_text""}, {""display_name"": ""chef"", ""score"": 0.75, ""source"": ""s2_text""}, {""display_name"": ""interactive"", ""score"": 0.5, ""source"": ""s2_text""}]",semantic_scholar
11,neXSim: A System for Explaining Nexus of Similarities.,iclp,2025,,https://www.semanticscholar.org/paper/74d9f339477a40f464005794d75a93938d61fef7,4,,,74d9f339477a40f464005794d75a93938d61fef7,Computer Science,1.0,Computer Science,1.0,,,,,explaining,1.0,nexsim,1.0,nexus,1.0,"[{""display_name"": ""Computer Science"", ""score"": 1.0, ""source"": ""s2FieldsOfStudy""}]","[{""display_name"": ""explaining"", ""score"": 1.0, ""source"": ""s2_text""}, {""display_name"": ""nexsim"", ""score"": 1.0, ""source"": ""s2_text""}, {""display_name"": ""nexus"", ""score"": 1.0, ""source"": ""s2_text""}]",semantic_scholar
12,Iterative ASP Pipelines: Enhancements for Robots Playing Mobile Games.,iclp,2025,,https://www.semanticscholar.org/paper/b07ad7be825bbb717bfb0b8edf221ef232896e3a,4,,,b07ad7be825bbb717bfb0b8edf221ef232896e3a,Computer Science,1.0,Computer Science,1.0,Engineering,0.85,,,games,1.0,iterative,1.0,mobile,1.0,"[{""display_name"": ""Computer Science"", ""score"": 1.0, ""source"": ""s2FieldsOfStudy""}, {""display_name"": ""Engineering"", ""score"": 0.85, ""source"": ""s2FieldsOfStudy""}]","[{""display_name"": ""games"", ""score"": 1.0, ""source"": ""s2_text""}, {""display_name"": ""iterative"", ""score"": 1.0, ""source"": ""s2_text""}, {""display_name"": ""mobile"", ""score"": 1.0, ""source"": ""s2_text""}]",semantic_scholar
13,General Grid Recognition and Logic-Driven Gameplay for Intelligent Robots.,iclp,2025,,https://www.semanticscholar.org/paper/16e7436d3cb4f8995a7bd882475fc183914e2409,2,,,16e7436d3cb4f8995a7bd882475fc183914e2409,Computer Science,1.0,Computer Science,1.0,Engineering,0.85,,,general,1.0,grid,1.0,auto-detect,0.5,"[{""display_name"": ""Computer Science"", ""score"": 1.0, ""source"": ""s2FieldsOfStudy""}, {""display_name"": ""Engineering"", ""score"": 0.85, ""source"": ""s2FieldsOfStudy""}]","[{""display_name"": ""general"", ""score"": 1.0, ""source"": ""s2_text""}, {""display_name"": ""grid"", ""score"": 1.0, ""source"": ""s2_text""}, {""display_name"": ""auto-detect"", ""score"": 0.5, ""source"": ""s2_text""}]",semantic_scholar
14,Tackling the Air Traffic Flow and Capacity Management Problem with Explainable Answer Set Programming.,iclp,2025,"Gładyś Sylwester, Malarski Marek, Jasiński Sławomir, Skorupski Jacek",https://www.semanticscholar.org/paper/e3a41328c54f87564400dc2a3c529f7cb7bdd246,5,,,e3a41328c54f87564400dc2a3c529f7cb7bdd246,Computer Science,1.0,Computer Science,1.0,Engineering,0.85,,,programming,1.0,answer,0.666667,set,0.666667,"[{""display_name"": ""Computer Science"", ""score"": 1.0, ""source"": ""s2FieldsOfStudy""}, {""display_name"": ""Engineering"", ""score"": 0.85, ""source"": ""s2FieldsOfStudy""}]","[{""display_name"": ""programming"", ""score"": 1.0, ""source"": ""s2_text""}, {""display_name"": ""answer"", ""score"": 0.666667, ""source"": ""s2_text""}, {""display_name"": ""set"", ""score"": 0.666667, ""source"": ""s2_text""}]",semantic_scholar
15,Knowledge Graphs &amp; Reasoning in Concert: Automating Regulation in Corporate Economics.,iclp,2025,,https://www.semanticscholar.org/paper/0cec1ac0f79ff618cbbdfa515eb11875a938bb3e,2,,,0cec1ac0f79ff618cbbdfa515eb11875a938bb3e,Computer Science,1.0,Computer Science,1.0,Business,0.85,Economics,0.7,automating,1.0,concert,1.0,corporate,1.0,"[{""display_name"": ""Computer Science"", ""score"": 1.0, ""source"": ""s2FieldsOfStudy""}, {""display_name"": ""Business"", ""score"": 0.85, ""source"": ""s2FieldsOfStudy""}, {""display_name"": ""Economics"", ""score"": 0.7, ""source"": ""s2FieldsOfStudy""}]","[{""display_name"": ""automating"", ""score"": 1.0, ""source"": ""s2_text""}, {""display_name"": ""concert"", ""score"": 1.0, ""source"": ""s2_text""}, {""display_name"": ""corporate"", ""score"": 1.0, ""source"": ""s2_text""}]",semantic_scholar
16,"Flexible, Lifelong, Explainable, and Robust Solutions for Multi-Agent Path Finding Problems.",iclp,2025,Aysu Bogatarkan,10.1609/aaai.v40i48.42143,4,10.1609/aaai.v40i48.42143,https://openalex.org/W7138964997,,Robotic Path Planning Algorithms,0.9301000237464905,Robotic Path Planning Algorithms,0.9301000237464905,AI-based Problem Solving and Planning,0.013799999840557575,Vehicle Routing Optimization Methods,0.0032999999821186066,Path (computing),0.6280999779701233,Minification,0.36980000138282776,Subject (documents),0.35839998722076416,"[{""id"": ""https://openalex.org/T10586"", ""display_name"": ""Robotic Path Planning Algorithms"", ""score"": 0.9301000237464905}, {""id"": ""https://openalex.org/T10906"", ""display_name"": ""AI-based Problem Solving and Planning"", ""score"": 0.013799999840557575}, {""id"": ""https://openalex.org/T10567"", ""display_name"": ""Vehicle Routing Optimization Methods"", ""score"": 0.0032999999821186066}]","[{""id"": ""https://openalex.org/keywords/path"", ""display_name"": ""Path (computing)"", ""score"": 0.6280999779701233}, {""id"": ""https://openalex.org/keywords/minification"", ""display_name"": ""Minification"", ""score"": 0.36980000138282776}, {""id"": ""https://openalex.org/keywords/subject"", ""display_name"": ""Subject (documents)"", ""score"": 0.35839998722076416}]",openalex_doi
17,Neurosymbolic AI in Digital Forensics: Commonsense and Qualitative Reasoning.,iclp,2025,"Son Tran, Edjard Mota, Artur d'Avila Garcez",https://www.semanticscholar.org/paper/2423ca4c3595deb2c6a5014a5e8949e20db06714,5,,,2423ca4c3595deb2c6a5014a5e8949e20db06714,Computer Science,1.0,Computer Science,1.0,Law,0.85,Philosophy,0.7,commonsense,1.0,digital,1.0,forensics,1.0,"[{""display_name"": ""Computer Science"", ""score"": 1.0, ""source"": ""s2FieldsOfStudy""}, {""display_name"": ""Law"", ""score"": 0.85, ""source"": ""s2FieldsOfStudy""}, {""display_name"": ""Philosophy"", ""score"": 0.7, ""source"": ""s2FieldsOfStudy""}]","[{""display_name"": ""commonsense"", ""score"": 1.0, ""source"": ""s2_text""}, {""display_name"": ""digital"", ""score"": 1.0, ""source"": ""s2_text""}, {""display_name"": ""forensics"", ""score"": 1.0, ""source"": ""s2_text""}]",semantic_scholar
18,A Tool Set for Converting Controlled Natural Languages into AI Formalisms.,iclp,2025,,https://www.semanticscholar.org/paper/d56c21dd9eec50685a99172f73e1deb039278ba1,5,,,d56c21dd9eec50685a99172f73e1deb039278ba1,Computer Science,1.0,Computer Science,1.0,,,,,formalisms,1.0,language,1.0,natural,1.0,"[{""display_name"": ""Computer Science"", ""score"": 1.0, ""source"": ""s2FieldsOfStudy""}]","[{""display_name"": ""formalisms"", ""score"": 1.0, ""source"": ""s2_text""}, {""display_name"": ""language"", ""score"": 1.0, ""source"": ""s2_text""}, {""display_name"": ""natural"", ""score"": 1.0, ""source"": ""s2_text""}]",semantic_scholar
19,Representing and Evaluating SBVR Specification via ASP.,iclp,2025,"Murali Mohanan, Imran Sarwar Bajwa",https://www.semanticscholar.org/paper/534021c0c931fb6e0d18ed506f4a6eca64eeb6ac,4,,,534021c0c931fb6e0d18ed506f4a6eca64eeb6ac,Computer Science,1.0,Computer Science,1.0,Business,0.85,,,asp,1.0,representing,1.0,sbvr,1.0,"[{""display_name"": ""Computer Science"", ""score"": 1.0, ""source"": ""s2FieldsOfStudy""}, {""display_name"": ""Business"", ""score"": 0.85, ""source"": ""s2FieldsOfStudy""}]","[{""display_name"": ""asp"", ""score"": 1.0, ""source"": ""s2_text""}, {""display_name"": ""representing"", ""score"": 1.0, ""source"": ""s2_text""}, {""display_name"": ""sbvr"", ""score"": 1.0, ""source"": ""s2_text""}]",semantic_scholar
20,On the Translation of ASP Rules to (Controlled) Natural Language Sentences.,iclp,2025,"SIMONE CARUSO, CARMINE DODARO, MARCO MARATEA, MARCO MOCHI, FRANCESCO RICCIO",https://www.semanticscholar.org/paper/ea45c0dffa64a9070c27cdf13259bcd20f4aadfc,4,10.1017/s1471068423000388,https://openalex.org/W4390034201,ea45c0dffa64a9070c27cdf13259bcd20f4aadfc,"Logic, Reasoning, and Knowledge",0.9997000098228455,"Logic, Reasoning, and Knowledge",0.9997000098228455,Multi-Agent Systems and Negotiation,0.9955000281333923,Topic Modeling,0.9847000241279602,Computer science,0.8943659067153931,Answer set programming,0.7630761861801147,Programming language,0.6854469180107117,"[{""id"": ""https://openalex.org/T11010"", ""display_name"": ""Logic, Reasoning, and Knowledge"", ""score"": 0.9997000098228455}, {""id"": ""https://openalex.org/T10456"", ""display_name"": ""Multi-Agent Systems and Negotiation"", ""score"": 0.9955000281333923}, {""id"": ""https://openalex.org/T10028"", ""display_name"": ""Topic Modeling"", ""score"": 0.9847000241279602}]","[{""id"": ""https://openalex.org/keywords/computer-science"", ""display_name"": ""Computer science"", ""score"": 0.8943659067153931}, {""id"": ""https://openalex.org/keywords/answer-set-programming"", ""display_name"": ""Answer set programming"", ""score"": 0.7630761861801147}, {""id"": ""https://openalex.org/keywords/programming-language"", ""display_name"": ""Programming language"", ""score"": 0.6854469180107117}]",openalex_title_search
21,Resource Allocation with Cooperative Agents.,iclp,2025,,https://www.semanticscholar.org/paper/42e7585a4694f6ce54ed757c72c9c12b7a8101f5,2,10.1016/j.ijpe.2004.05.015,https://openalex.org/W2044772199,42e7585a4694f6ce54ed757c72c9c12b7a8101f5,Multi-Agent Systems and Negotiation,0.9994000196456909,Multi-Agent Systems and Negotiation,0.9994000196456909,Distributed Control Multi-Agent Systems,0.9943000078201294,"Logic, Reasoning, and Knowledge",0.9925000071525574,Computer science,0.7924811840057373,Resource allocation,0.7816449403762817,Distributed computing,0.6417949199676514,"[{""id"": ""https://openalex.org/T10456"", ""display_name"": ""Multi-Agent Systems and Negotiation"", ""score"": 0.9994000196456909}, {""id"": ""https://openalex.org/T10249"", ""display_name"": ""Distributed Control Multi-Agent Systems"", ""score"": 0.9943000078201294}, {""id"": ""https://openalex.org/T11010"", ""display_name"": ""Logic, Reasoning, and Knowledge"", ""score"": 0.9925000071525574}]","[{""id"": ""https://openalex.org/keywords/computer-science"", ""display_name"": ""Computer science"", ""score"": 0.7924811840057373}, {""id"": ""https://openalex.org/keywords/resource-allocation"", ""display_name"": ""Resource allocation"", ""score"": 0.7816449403762817}, {""id"": ""https://openalex.org/keywords/distributed-computing"", ""display_name"": ""Distributed computing"", ""score"": 0.6417949199676514}]",openalex_title_search
22,Enhancing Compilation-based ASP Solving.,iclp,2025,"Carmine Dodaro, Giuseppe Mazzotta, Francesco Ricca",https://www.semanticscholar.org/paper/0ebf0121a6ce46e479d81d9a509af5f152dc15ed,5,,,0ebf0121a6ce46e479d81d9a509af5f152dc15ed,Computer Science,1.0,Computer Science,1.0,,,,,solving,1.0,answer,0.5,approach,0.5,"[{""display_name"": ""Computer Science"", ""score"": 1.0, ""source"": ""s2FieldsOfStudy""}]","[{""display_name"": ""solving"", ""score"": 1.0, ""source"": ""s2_text""}, {""display_name"": ""answer"", ""score"": 0.5, ""source"": ""s2_text""}, {""display_name"": ""approach"", ""score"": 0.5, ""source"": ""s2_text""}]",semantic_scholar
23,Enhancing Compilation-based ASP Solving with Postponed Atom Discovery.,iclp,2025,"Andrea Cuteri, Giuseppe Mazzotta, Francesco Ricca",https://www.semanticscholar.org/paper/1f548ee1a3d356f3eafc547f99a0c6ea12067edf,5,,,1f548ee1a3d356f3eafc547f99a0c6ea12067edf,Computer Science,1.0,Computer Science,1.0,,,,,compilation-based,1.0,atoms,0.666667,solving,0.666667,"[{""display_name"": ""Computer Science"", ""score"": 1.0, ""source"": ""s2FieldsOfStudy""}]","[{""display_name"": ""compilation-based"", ""score"": 1.0, ""source"": ""s2_text""}, {""display_name"": ""atoms"", ""score"": 0.666667, ""source"": ""s2_text""}, {""display_name"": ""solving"", ""score"": 0.666667, ""source"": ""s2_text""}]",semantic_scholar
24,Toward Executing Datalog on Big Data Platforms - Extended Abstract.,iclp,2025,Bernard LANG,https://www.semanticscholar.org/paper/d317147d8b63b0cbb05e672d788f730f8b173017,3,,,d317147d8b63b0cbb05e672d788f730f8b173017,Computer Science,1.0,Computer Science,1.0,Engineering,0.85,,,abstract,1.0,big,1.0,data,1.0,"[{""display_name"": ""Computer Science"", ""score"": 1.0, ""source"": ""s2FieldsOfStudy""}, {""display_name"": ""Engineering"", ""score"": 0.85, ""source"": ""s2FieldsOfStudy""}]","[{""display_name"": ""abstract"", ""score"": 1.0, ""source"": ""s2_text""}, {""display_name"": ""big"", ""score"": 1.0, ""source"": ""s2_text""}, {""display_name"": ""data"", ""score"": 1.0, ""source"": ""s2_text""}]",semantic_scholar
25,PEG 2.0: Future-Gazing Through a Socio-Linguistic and Historical Lens.,iclp,2025,,https://www.semanticscholar.org/paper/5ff8a5ac6bf5a1dff86ec2de72e57b60790baaf9,2,,,5ff8a5ac6bf5a1dff86ec2de72e57b60790baaf9,Linguistics,1.0,Linguistics,1.0,History,0.85,Computer Science,0.7,historical,1.0,socio-linguistic,1.0,account,0.5,"[{""display_name"": ""Linguistics"", ""score"": 1.0, ""source"": ""s2FieldsOfStudy""}, {""display_name"": ""History"", ""score"": 0.85, ""source"": ""s2FieldsOfStudy""}, {""display_name"": ""Computer Science"", ""score"": 0.7, ""source"": ""s2FieldsOfStudy""}]","[{""display_name"": ""historical"", ""score"": 1.0, ""source"": ""s2_text""}, {""display_name"": ""socio-linguistic"", ""score"": 1.0, ""source"": ""s2_text""}, {""display_name"": ""account"", ""score"": 0.5, ""source"": ""s2_text""}]",semantic_scholar
26,Learning ASP Domain-specific Heuristics using Transformers.,iclp,2025,Marcello Balduccini,https://www.semanticscholar.org/paper/9240091bc0d23f9411e52ee6fbbe8138d750427e,5,,,9240091bc0d23f9411e52ee6fbbe8138d750427e,Computer Science,1.0,Computer Science,1.0,,,,,asp,1.0,approach,0.333333,automate,0.333333,"[{""display_name"": ""Computer Science"", ""score"": 1.0, ""source"": ""s2FieldsOfStudy""}]","[{""display_name"": ""asp"", ""score"": 1.0, ""source"": ""s2_text""}, {""display_name"": ""approach"", ""score"": 0.333333, ""source"": ""s2_text""}, {""display_name"": ""automate"", ""score"": 0.333333, ""source"": ""s2_text""}]",semantic_scholar
27,Search-Guided Generation of Properties for Program Analyzers.,iclp,2025,Yixuan Liang,https://www.semanticscholar.org/paper/fb2ffaeff737324b34600fe9b270d717528e86c5,4,,,fb2ffaeff737324b34600fe9b270d717528e86c5,Computer Science,1.0,Computer Science,1.0,,,,,analyzers,1.0,generation,1.0,automatic,0.5,"[{""display_name"": ""Computer Science"", ""score"": 1.0, ""source"": ""s2FieldsOfStudy""}]","[{""display_name"": ""analyzers"", ""score"": 1.0, ""source"": ""s2_text""}, {""display_name"": ""generation"", ""score"": 1.0, ""source"": ""s2_text""}, {""display_name"": ""automatic"", ""score"": 0.5, ""source"": ""s2_text""}]",semantic_scholar
28,Knowledge-Based Stable Roommates Problems.,iclp,2025,Müge Fidan,10.1609/aaai.v40i48.42148,4,10.1609/aaai.v40i48.42148,https://openalex.org/W7138851587,,Constraint Satisfaction and Optimization,0.6157000064849854,Constraint Satisfaction and Optimization,0.6157000064849854,Optimization and Search Problems,0.05380000174045563,Scheduling and Timetabling Solutions,0.03909999877214432,Focus (optics),0.6414999961853027,Stable marriage problem,0.5751000046730042,Stability (learning theory),0.4052000045776367,"[{""id"": ""https://openalex.org/T11596"", ""display_name"": ""Constraint Satisfaction and Optimization"", ""score"": 0.6157000064849854}, {""id"": ""https://openalex.org/T12288"", ""display_name"": ""Optimization and Search Problems"", ""score"": 0.05380000174045563}, {""id"": ""https://openalex.org/T12401"", ""display_name"": ""Scheduling and Timetabling Solutions"", ""score"": 0.03909999877214432}]","[{""id"": ""https://openalex.org/keywords/focus"", ""display_name"": ""Focus (optics)"", ""score"": 0.6414999961853027}, {""id"": ""https://openalex.org/keywords/stable-marriage-problem"", ""display_name"": ""Stable marriage problem"", ""score"": 0.5751000046730042}, {""id"": ""https://openalex.org/keywords/stability"", ""display_name"": ""Stability (learning theory)"", ""score"": 0.4052000045776367}]",openalex_doi
29,LLMASP: A Framework for Mitigating Hallucinations and Supporting Symbolic Reasoning in Large Language Models.,iclp,2025,Xing Xu,https://www.semanticscholar.org/paper/615536c864f8fc6c74d7a4553c900cd9f03ba1fc,4,,,615536c864f8fc6c74d7a4553c900cd9f03ba1fc,Computer Science,1.0,Computer Science,1.0,Linguistics,0.85,Psychology,0.7,framework,1.0,hallucinations,1.0,language,1.0,"[{""display_name"": ""Computer Science"", ""score"": 1.0, ""source"": ""s2FieldsOfStudy""}, {""display_name"": ""Linguistics"", ""score"": 0.85, ""source"": ""s2FieldsOfStudy""}, {""display_name"": ""Psychology"", ""score"": 0.7, ""source"": ""s2FieldsOfStudy""}]","[{""display_name"": ""framework"", ""score"": 1.0, ""source"": ""s2_text""}, {""display_name"": ""hallucinations"", ""score"": 1.0, ""source"": ""s2_text""}, {""display_name"": ""language"", ""score"": 1.0, ""source"": ""s2_text""}]",semantic_scholar
30,Exploring Digital Twins integration with ASP and ASP Chef.,iclp,2025,Fiona Rossette-Crake,https://www.semanticscholar.org/paper/d3d2b967bf74c83e5d3ce6b9f8045a28146d851f,4,,,d3d2b967bf74c83e5d3ce6b9f8045a28146d851f,Computer Science,1.0,Computer Science,1.0,,,,,digital,1.0,asp,0.75,twin,0.75,"[{""display_name"": ""Computer Science"", ""score"": 1.0, ""source"": ""s2FieldsOfStudy""}]","[{""display_name"": ""digital"", ""score"": 1.0, ""source"": ""s2_text""}, {""display_name"": ""asp"", ""score"": 0.75, ""source"": ""s2_text""}, {""display_name"": ""twin"", ""score"": 0.75, ""source"": ""s2_text""}]",semantic_scholar
31,Formal Verification of Answer Set Programs Containing Advanced Language Constructs.,iclp,2025,Rolf Schwitter,https://www.semanticscholar.org/paper/ed808e544b428cfad3e1fefd18d3ae36aa6e020b,5,,,ed808e544b428cfad3e1fefd18d3ae36aa6e020b,Computer Science,1.0,Computer Science,1.0,,,,,advanced,1.0,answer,1.0,constructs,1.0,"[{""display_name"": ""Computer Science"", ""score"": 1.0, ""source"": ""s2FieldsOfStudy""}]","[{""display_name"": ""advanced"", ""score"": 1.0, ""source"": ""s2_text""}, {""display_name"": ""answer"", ""score"": 1.0, ""source"": ""s2_text""}, {""display_name"": ""constructs"", ""score"": 1.0, ""source"": ""s2_text""}]",semantic_scholar
32,The Simple Generative Logic Grammar: A Tool for Teaching Logical Thinking Through Visual Research in Art and Design.,iclp,2025,Susanna Berger,https://www.semanticscholar.org/paper/02c72256e884173e4b85f9878b8e30e4c342e82a,5,,,02c72256e884173e4b85f9878b8e30e4c342e82a,Art,1.0,Art,1.0,Computer Science,0.85,,,logic,1.0,generative,0.75,grammar,0.75,"[{""display_name"": ""Art"", ""score"": 1.0, ""source"": ""s2FieldsOfStudy""}, {""display_name"": ""Computer Science"", ""score"": 0.85, ""source"": ""s2FieldsOfStudy""}]","[{""display_name"": ""logic"", ""score"": 1.0, ""source"": ""s2_text""}, {""display_name"": ""generative"", ""score"": 0.75, ""source"": ""s2_text""}, {""display_name"": ""grammar"", ""score"": 0.75, ""source"": ""s2_text""}]",semantic_scholar
33,Answer Set Counting and its Applications to Network Reliability and System Biology.,iclp,2025,Mohimenul Kabir,10.4204/eptcs.416.34,4,10.4204/eptcs.416.34,https://openalex.org/W4407349678,,Bayesian Modeling and Causal Inference,0.9796000123023987,Bayesian Modeling and Causal Inference,0.9796000123023987,Network Security and Intrusion Detection,0.9534000158309937,Data Stream Mining Techniques,0.9503999948501587,Set (abstract data type),0.6161437630653381,Computer science,0.5273733139038086,Programming language,0.22524282336235046,"[{""id"": ""https://openalex.org/T11303"", ""display_name"": ""Bayesian Modeling and Causal Inference"", ""score"": 0.9796000123023987}, {""id"": ""https://openalex.org/T10400"", ""display_name"": ""Network Security and Intrusion Detection"", ""score"": 0.9534000158309937}, {""id"": ""https://openalex.org/T12761"", ""display_name"": ""Data Stream Mining Techniques"", ""score"": 0.9503999948501587}]","[{""id"": ""https://openalex.org/keywords/set"", ""display_name"": ""Set (abstract data type)"", ""score"": 0.6161437630653381}, {""id"": ""https://openalex.org/keywords/computer-science"", ""display_name"": ""Computer science"", ""score"": 0.5273733139038086}, {""id"": ""https://openalex.org/keywords/programming-language"", ""display_name"": ""Programming language"", ""score"": 0.22524282336235046}]",openalex_doi
34,Precise Exponential-Time Complexity of Non-Monotonic Reasoning.,iclp,2025,Georg Gottlob,https://www.semanticscholar.org/paper/c51090b4b8bcdaf424b9d0f82942f53f899c4103,3,,,c51090b4b8bcdaf424b9d0f82942f53f899c4103,Computer Science,1.0,Computer Science,1.0,,,,,complexity,1.0,non-monotonic,1.0,reasoning,1.0,"[{""display_name"": ""Computer Science"", ""score"": 1.0, ""source"": ""s2FieldsOfStudy""}]","[{""display_name"": ""complexity"", ""score"": 1.0, ""source"": ""s2_text""}, {""display_name"": ""non-monotonic"", ""score"": 1.0, ""source"": ""s2_text""}, {""display_name"": ""reasoning"", ""score"": 1.0, ""source"": ""s2_text""}]",semantic_scholar
35,Towards Incorporating Normative Requirements In Autonomous Systems Using Datalog.,iclp,2025,"Dorra Zaibi, Meriem Riahi, Faouzi Moussa",https://www.semanticscholar.org/paper/0d275e0df22d539e5afe2267bcc2aa76584a07f4,3,,,0d275e0df22d539e5afe2267bcc2aa76584a07f4,Computer Science,1.0,Computer Science,1.0,Law,0.85,,,normative,1.0,requirements,1.0,act,0.5,"[{""display_name"": ""Computer Science"", ""score"": 1.0, ""source"": ""s2FieldsOfStudy""}, {""display_name"": ""Law"", ""score"": 0.85, ""source"": ""s2FieldsOfStudy""}]","[{""display_name"": ""normative"", ""score"": 1.0, ""source"": ""s2_text""}, {""display_name"": ""requirements"", ""score"": 1.0, ""source"": ""s2_text""}, {""display_name"": ""act"", ""score"": 0.5, ""source"": ""s2_text""}]",semantic_scholar
36,Visualizing Kripke Models in LogiKEy: the Case of SDL.,iclp,2025,"N. Mansurov, D. Zhukov",https://www.semanticscholar.org/paper/7aa66cf8977d670bbcf5f9d9b0c40decbac738da,3,,,7aa66cf8977d670bbcf5f9d9b0c40decbac738da,Computer Science,1.0,Computer Science,1.0,,,,,case,1.0,kripke,1.0,logikey,1.0,"[{""display_name"": ""Computer Science"", ""score"": 1.0, ""source"": ""s2FieldsOfStudy""}]","[{""display_name"": ""case"", ""score"": 1.0, ""source"": ""s2_text""}, {""display_name"": ""kripke"", ""score"": 1.0, ""source"": ""s2_text""}, {""display_name"": ""logikey"", ""score"": 1.0, ""source"": ""s2_text""}]",semantic_scholar
37,Decompiling Language Models into Logic Programs.,iclp,2025,,https://www.semanticscholar.org/paper/21ab1f4452fa0e306fb9ddc37ce48f061cbd864f,4,,,21ab1f4452fa0e306fb9ddc37ce48f061cbd864f,Computer Science,1.0,Computer Science,1.0,,,,,language,1.0,logic,1.0,add,0.5,"[{""display_name"": ""Computer Science"", ""score"": 1.0, ""source"": ""s2FieldsOfStudy""}]","[{""display_name"": ""language"", ""score"": 1.0, ""source"": ""s2_text""}, {""display_name"": ""logic"", ""score"": 1.0, ""source"": ""s2_text""}, {""display_name"": ""add"", ""score"": 0.5, ""source"": ""s2_text""}]",semantic_scholar
38,Logic and Answer Set Programming in High School: Two Learning Unit Experiences.,iclp,2025,Fabrizio Riguzzi,https://www.semanticscholar.org/paper/c34e38518a4e7c777277dc81b971ef6ddb1e5340,5,,,c34e38518a4e7c777277dc81b971ef6ddb1e5340,Computer Science,1.0,Computer Science,1.0,Education,0.85,,,programming,1.0,answer,0.666667,high,0.666667,"[{""display_name"": ""Computer Science"", ""score"": 1.0, ""source"": ""s2FieldsOfStudy""}, {""display_name"": ""Education"", ""score"": 0.85, ""source"": ""s2FieldsOfStudy""}]","[{""display_name"": ""programming"", ""score"": 1.0, ""source"": ""s2_text""}, {""display_name"": ""answer"", ""score"": 0.666667, ""source"": ""s2_text""}, {""display_name"": ""high"", ""score"": 0.666667, ""source"": ""s2_text""}]",semantic_scholar
39,Exploring Neurosymbolic Systems in Answer Set Programming with an Application to Waste Water Monitoring.,iclp,2025,"Steffen Schieweck, Gabriele Kern-Isberner, Michael ten Hompel",https://www.semanticscholar.org/paper/d149c7135a9db55da33142c52cd72b7d1190149d,5,,,d149c7135a9db55da33142c52cd72b7d1190149d,Computer Science,1.0,Computer Science,1.0,Environmental Science,0.85,,,knowledge,1.0,llms,1.0,neurosymbolic,1.0,"[{""display_name"": ""Computer Science"", ""score"": 1.0, ""source"": ""s2FieldsOfStudy""}, {""display_name"": ""Environmental Science"", ""score"": 0.85, ""source"": ""s2FieldsOfStudy""}]","[{""display_name"": ""knowledge"", ""score"": 1.0, ""source"": ""s2_text""}, {""display_name"": ""llms"", ""score"": 1.0, ""source"": ""s2_text""}, {""display_name"": ""neurosymbolic"", ""score"": 1.0, ""source"": ""s2_text""}]",semantic_scholar
40,Constructionist Co-Design for the Learning Experience: A Work-in-Progress on Engaging Teachers to Integrate Logic Programming in Primary School.,iclp,2025,"Maria Daskolia, Jaume Piera, Karen Soacha",https://www.semanticscholar.org/paper/920945f8a7bddc5ece232eed1a1ff243b66913b5,3,,,920945f8a7bddc5ece232eed1a1ff243b66913b5,Computer Science,1.0,Computer Science,1.0,Education,0.85,,,teachers,1.0,co-design,0.75,primary,0.75,"[{""display_name"": ""Computer Science"", ""score"": 1.0, ""source"": ""s2FieldsOfStudy""}, {""display_name"": ""Education"", ""score"": 0.85, ""source"": ""s2FieldsOfStudy""}]","[{""display_name"": ""teachers"", ""score"": 1.0, ""source"": ""s2_text""}, {""display_name"": ""co-design"", ""score"": 0.75, ""source"": ""s2_text""}, {""display_name"": ""primary"", ""score"": 0.75, ""source"": ""s2_text""}]",semantic_scholar
41,When Prolog Meets Generative Models: a New Approach for Managing Knowledge and Planning in Robotic Applications - Abstract.,iclp,2025,"Enrico Saccon, Ahmet Tikna, Davide De Martini, Edoardo Lamon, Luigi Palopoli, Marco Roveri",10.1109/icra57147.2024.10610800,5,10.1109/icra57147.2024.10610800,https://openalex.org/W4401416695,,AI-based Problem Solving and Planning,0.9995999932289124,AI-based Problem Solving and Planning,0.9995999932289124,"Logic, Reasoning, and Knowledge",0.9876000285148621,Semantic Web and Ontologies,0.9872000217437744,Prolog,0.9159144163131714,Computer science,0.7426339387893677,Generative grammar,0.6792322993278503,"[{""id"": ""https://openalex.org/T10906"", ""display_name"": ""AI-based Problem Solving and Planning"", ""score"": 0.9995999932289124}, {""id"": ""https://openalex.org/T11010"", ""display_name"": ""Logic, Reasoning, and Knowledge"", ""score"": 0.9876000285148621}, {""id"": ""https://openalex.org/T10215"", ""display_name"": ""Semantic Web and Ontologies"", ""score"": 0.9872000217437744}]","[{""id"": ""https://openalex.org/keywords/prolog"", ""display_name"": ""Prolog"", ""score"": 0.9159144163131714}, {""id"": ""https://openalex.org/keywords/computer-science"", ""display_name"": ""Computer science"", ""score"": 0.7426339387893677}, {""id"": ""https://openalex.org/keywords/generative-grammar"", ""display_name"": ""Generative grammar"", ""score"": 0.6792322993278503}]",openalex_doi
42,Teaching Prolog and Logic Programming with Jupyter Notebooks.,iclp,2025,,https://www.semanticscholar.org/paper/99cb0723e6cf76da04973b888b0617e92607e546,5,,,99cb0723e6cf76da04973b888b0617e92607e546,Computer Science,1.0,Computer Science,1.0,,,,,logic,1.0,programming,1.0,prolog,1.0,"[{""display_name"": ""Computer Science"", ""score"": 1.0, ""source"": ""s2FieldsOfStudy""}]","[{""display_name"": ""logic"", ""score"": 1.0, ""source"": ""s2_text""}, {""display_name"": ""programming"", ""score"": 1.0, ""source"": ""s2_text""}, {""display_name"": ""prolog"", ""score"": 1.0, ""source"": ""s2_text""}]",semantic_scholar
43,A Legal Logic Programming Framework for Autonomous Vehicles.,iclp,2025,"VINEEL TUMMALA, DANIELA INCLEZAN",https://www.semanticscholar.org/paper/89283796e7011f1e43d87fcf9868c7392c36a79f,5,,,89283796e7011f1e43d87fcf9868c7392c36a79f,Law,1.0,Law,1.0,Computer Science,0.85,,,autonomous,1.0,framework,1.0,legal,1.0,"[{""display_name"": ""Law"", ""score"": 1.0, ""source"": ""s2FieldsOfStudy""}, {""display_name"": ""Computer Science"", ""score"": 0.85, ""source"": ""s2FieldsOfStudy""}]","[{""display_name"": ""autonomous"", ""score"": 1.0, ""source"": ""s2_text""}, {""display_name"": ""framework"", ""score"": 1.0, ""source"": ""s2_text""}, {""display_name"": ""legal"", ""score"": 1.0, ""source"": ""s2_text""}]",semantic_scholar
44,UserArmor: An extension for AppArmor.,iclp,2025,"Mario Alviano, Pierpaolo Sestito",https://www.semanticscholar.org/paper/c8df4fe2a371aa84e9e52097094a5a22dc97b023,1,10.3390/a18040185,https://openalex.org/W4408778072,c8df4fe2a371aa84e9e52097094a5a22dc97b023,Access Control and Trust,0.996999979019165,Access Control and Trust,0.996999979019165,Security and Verification in Computing,0.9930999875068665,Service-Oriented Architecture and Web Services,0.9779000282287598,Computer science,0.8416236042976379,Inheritance (genetic algorithm),0.7626155614852905,Extension (predicate logic),0.6665061116218567,"[{""id"": ""https://openalex.org/T10927"", ""display_name"": ""Access Control and Trust"", ""score"": 0.996999979019165}, {""id"": ""https://openalex.org/T11424"", ""display_name"": ""Security and Verification in Computing"", ""score"": 0.9930999875068665}, {""id"": ""https://openalex.org/T10679"", ""display_name"": ""Service-Oriented Architecture and Web Services"", ""score"": 0.9779000282287598}]","[{""id"": ""https://openalex.org/keywords/computer-science"", ""display_name"": ""Computer science"", ""score"": 0.8416236042976379}, {""id"": ""https://openalex.org/keywords/inheritance"", ""display_name"": ""Inheritance (genetic algorithm)"", ""score"": 0.7626155614852905}, {""id"": ""https://openalex.org/keywords/extension"", ""display_name"": ""Extension (predicate logic)"", ""score"": 0.6665061116218567}]",openalex_title_search
45,Global Type Inference for Java using Answer Set Programming.,iclp,2025,Fabrizio Riguzzi,https://www.semanticscholar.org/paper/a8d0072174a860973275797417309962b721c861,4,,,a8d0072174a860973275797417309962b721c861,Computer Science,1.0,Computer Science,1.0,,,,,answer,1.0,global,1.0,inference,1.0,"[{""display_name"": ""Computer Science"", ""score"": 1.0, ""source"": ""s2FieldsOfStudy""}]","[{""display_name"": ""answer"", ""score"": 1.0, ""source"": ""s2_text""}, {""display_name"": ""global"", ""score"": 1.0, ""source"": ""s2_text""}, {""display_name"": ""inference"", ""score"": 1.0, ""source"": ""s2_text""}]",semantic_scholar
46,Platform for Introducing Logic Programming in Bulgarian Secondary Schools - IDEAS (Intelligent Data Educational Analysis System).,iclp,2025,"Veneta Tabakova-Komsalova, Ivan Stoyanov, George Cholakov, Magdalena Maglizhanova",https://www.semanticscholar.org/paper/030cfc31a6318aaa66e597aadada030285aaeb0f,1,,,030cfc31a6318aaa66e597aadada030285aaeb0f,Computer Science,1.0,Computer Science,1.0,Education,0.85,,,educational,1.0,analysis,0.666667,data,0.666667,"[{""display_name"": ""Computer Science"", ""score"": 1.0, ""source"": ""s2FieldsOfStudy""}, {""display_name"": ""Education"", ""score"": 0.85, ""source"": ""s2FieldsOfStudy""}]","[{""display_name"": ""educational"", ""score"": 1.0, ""source"": ""s2_text""}, {""display_name"": ""analysis"", ""score"": 0.666667, ""source"": ""s2_text""}, {""display_name"": ""data"", ""score"": 0.666667, ""source"": ""s2_text""}]",semantic_scholar
47,Research Summary: Explainable Artificial Intelligence in Answer Set Programming and Machine Learning.,iclp,2025,Vladimir Lifschitz,https://www.semanticscholar.org/paper/7ebdfcb9f0a43a41a96d6d7954f1046e5aaee1fd,5,10.1016/j.eclinm.2025.103072,https://openalex.org/W4406624792,7ebdfcb9f0a43a41a96d6d7954f1046e5aaee1fd,Maternal and Perinatal Health Interventions,0.3675999939441681,Maternal and Perinatal Health Interventions,0.3675999939441681,Enhanced Recovery After Surgery,0.10580000281333923,Preterm Birth and Chorioamnionitis,0.09000000357627869,Medicine,0.9232751131057739,Duration (music),0.6648963093757629,Retrospective cohort study,0.5842887759208679,"[{""id"": ""https://openalex.org/T10453"", ""display_name"": ""Maternal and Perinatal Health Interventions"", ""score"": 0.3675999939441681}, {""id"": ""https://openalex.org/T12020"", ""display_name"": ""Enhanced Recovery After Surgery"", ""score"": 0.10580000281333923}, {""id"": ""https://openalex.org/T11290"", ""display_name"": ""Preterm Birth and Chorioamnionitis"", ""score"": 0.09000000357627869}]","[{""id"": ""https://openalex.org/keywords/medicine"", ""display_name"": ""Medicine"", ""score"": 0.9232751131057739}, {""id"": ""https://openalex.org/keywords/duration"", ""display_name"": ""Duration (music)"", ""score"": 0.6648963093757629}, {""id"": ""https://openalex.org/keywords/retrospective-cohort-study"", ""display_name"": ""Retrospective cohort study"", ""score"": 0.5842887759208679}]",openalex_s2_doi
48,ASP and PDDL+ Applications in Urban Traffic Distribution and Control.,iclp,2025,"Sandra Castellanos-Paez, Francesco Percassi, Mauro Vallati",https://www.semanticscholar.org/paper/e6e2eb9bb101d1c73b976b46ecce5d122a49a479,4,,https://openalex.org/W7154870262,e6e2eb9bb101d1c73b976b46ecce5d122a49a479,"Logic, Reasoning, and Knowledge",0.8015999794006348,"Logic, Reasoning, and Knowledge",0.8015999794006348,Constraint Satisfaction and Optimization,0.08619999885559082,Formal Methods in Verification,0.027899999171495438,Scheduling (production processes),0.5992000102996826,Domain (mathematical analysis),0.5095000267028809,Context (archaeology),0.5056999921798706,"[{""id"": ""https://openalex.org/T11010"", ""display_name"": ""Logic, Reasoning, and Knowledge"", ""score"": 0.8015999794006348}, {""id"": ""https://openalex.org/T11596"", ""display_name"": ""Constraint Satisfaction and Optimization"", ""score"": 0.08619999885559082}, {""id"": ""https://openalex.org/T10142"", ""display_name"": ""Formal Methods in Verification"", ""score"": 0.027899999171495438}]","[{""id"": ""https://openalex.org/keywords/scheduling"", ""display_name"": ""Scheduling (production processes)"", ""score"": 0.5992000102996826}, {""id"": ""https://openalex.org/keywords/domain"", ""display_name"": ""Domain (mathematical analysis)"", ""score"": 0.5095000267028809}, {""id"": ""https://openalex.org/keywords/context"", ""display_name"": ""Context (archaeology)"", ""score"": 0.5056999921798706}]",openalex_title_search
49,Early Validation of High-level Requirements on Cyber-Physical Systems.,iclp,2025,Ondřej Vašíček,10.4204/eptcs.416.40,1,10.4204/eptcs.416.40,https://openalex.org/W4407349696,,Software Engineering Techniques and Practices,0.964900016784668,Software Engineering Techniques and Practices,0.964900016784668,Software System Performance and Reliability,0.9638000130653381,Advanced Software Engineering Methodologies,0.9567999839782715,Cyber-physical system,0.6657009124755859,Computer science,0.46652159094810486,Reliability engineering,0.34706780314445496,"[{""id"": ""https://openalex.org/T10430"", ""display_name"": ""Software Engineering Techniques and Practices"", ""score"": 0.964900016784668}, {""id"": ""https://openalex.org/T12127"", ""display_name"": ""Software System Performance and Reliability"", ""score"": 0.9638000130653381}, {""id"": ""https://openalex.org/T10639"", ""display_name"": ""Advanced Software Engineering Methodologies"", ""score"": 0.9567999839782715}]","[{""id"": ""https://openalex.org/keywords/cyber-physical-system"", ""display_name"": ""Cyber-physical system"", ""score"": 0.6657009124755859}, {""id"": ""https://openalex.org/keywords/computer-science"", ""display_name"": ""Computer science"", ""score"": 0.46652159094810486}, {""id"": ""https://openalex.org/keywords/reliability-engineering"", ""display_name"": ""Reliability engineering"", ""score"": 0.34706780314445496}]",openalex_doi
50,Probabilistic Declarative Process Mining.,iclp,2025,"Anti Alman, Fabrizio Maria Maggi, Marco Montali, Rafael Peñaloza",https://www.semanticscholar.org/paper/5b3d9b60bcc94f216f20e4ffdd4105fdaf28ed87,4,10.1016/j.is.2022.102033,https://openalex.org/W4226237594,5b3d9b60bcc94f216f20e4ffdd4105fdaf28ed87,Business Process Modeling and Analysis,1.0,Business Process Modeling and Analysis,1.0,Service-Oriented Architecture and Web Services,0.9987999796867371,Semantic Web and Ontologies,0.9976999759674072,Probabilistic logic,0.8280013799667358,Computer science,0.81778883934021,Process mining,0.697867751121521,"[{""id"": ""https://openalex.org/T10703"", ""display_name"": ""Business Process Modeling and Analysis"", ""score"": 1.0}, {""id"": ""https://openalex.org/T10679"", ""display_name"": ""Service-Oriented Architecture and Web Services"", ""score"": 0.9987999796867371}, {""id"": ""https://openalex.org/T10215"", ""display_name"": ""Semantic Web and Ontologies"", ""score"": 0.9976999759674072}]","[{""id"": ""https://openalex.org/keywords/probabilistic-logic"", ""display_name"": ""Probabilistic logic"", ""score"": 0.8280013799667358}, {""id"": ""https://openalex.org/keywords/computer-science"", ""display_name"": ""Computer science"", ""score"": 0.81778883934021}, {""id"": ""https://openalex.org/keywords/process-mining"", ""display_name"": ""Process mining"", ""score"": 0.697867751121521}]",openalex_s2_doi
51,A Scalable Approach to Probabilistic Compliance in Declarative Process Mining.,iclp,2025,"Christian Sturm, Stefan Schönig, Stefan Jablonski",https://www.semanticscholar.org/paper/67b4a2aadbd97299255c3eabc64cd22d535bff1b,3,,https://openalex.org/W7117856808,67b4a2aadbd97299255c3eabc64cd22d535bff1b,Business Process Modeling and Analysis,0.9889000058174133,Business Process Modeling and Analysis,0.9889000058174133,Semantic Web and Ontologies,0.0007999999797903001,Service-Oriented Architecture and Web Services,0.000699999975040555,Probabilistic logic,0.8159999847412109,Probabilistic relevance model,0.5544000267982483,Probabilistic CTL,0.5335999727249146,"[{""id"": ""https://openalex.org/T10703"", ""display_name"": ""Business Process Modeling and Analysis"", ""score"": 0.9889000058174133}, {""id"": ""https://openalex.org/T10215"", ""display_name"": ""Semantic Web and Ontologies"", ""score"": 0.0007999999797903001}, {""id"": ""https://openalex.org/T10679"", ""display_name"": ""Service-Oriented Architecture and Web Services"", ""score"": 0.000699999975040555}]","[{""id"": ""https://openalex.org/keywords/probabilistic-logic"", ""display_name"": ""Probabilistic logic"", ""score"": 0.8159999847412109}, {""id"": ""https://openalex.org/keywords/probabilistic-relevance-model"", ""display_name"": ""Probabilistic relevance model"", ""score"": 0.5544000267982483}, {""id"": ""https://openalex.org/keywords/probabilistic-ctl"", ""display_name"": ""Probabilistic CTL"", ""score"": 0.5335999727249146}]",openalex_title_search
52,A Neurosymbolic Approach to Fraud Detection on Financial Data in the Public Administration.,iclp,2025,,https://www.semanticscholar.org/paper/5a369b42aef1d91050d898b678f5737a559d0f35,5,,,5a369b42aef1d91050d898b678f5737a559d0f35,Business,1.0,Business,1.0,Computer Science,0.85,,,administration,1.0,approach,1.0,data,1.0,"[{""display_name"": ""Business"", ""score"": 1.0, ""source"": ""s2FieldsOfStudy""}, {""display_name"": ""Computer Science"", ""score"": 0.85, ""source"": ""s2FieldsOfStudy""}]","[{""display_name"": ""administration"", ""score"": 1.0, ""source"": ""s2_text""}, {""display_name"": ""approach"", ""score"": 1.0, ""source"": ""s2_text""}, {""display_name"": ""data"", ""score"": 1.0, ""source"": ""s2_text""}]",semantic_scholar
53,Scalable and Ethical Medical Scheduling: An ASP-Based Framework with Patient-Centered Experimental Validation.,iclp,2025,Hongnan Ye,https://www.semanticscholar.org/paper/f3bbae0294c78f79039c31c39dc5c1c2cfc108a8,4,,,f3bbae0294c78f79039c31c39dc5c1c2cfc108a8,Medicine,1.0,Medicine,1.0,Computer Science,0.85,,,asp-based,1.0,ethical,1.0,experimental,1.0,"[{""display_name"": ""Medicine"", ""score"": 1.0, ""source"": ""s2FieldsOfStudy""}, {""display_name"": ""Computer Science"", ""score"": 0.85, ""source"": ""s2FieldsOfStudy""}]","[{""display_name"": ""asp-based"", ""score"": 1.0, ""source"": ""s2_text""}, {""display_name"": ""ethical"", ""score"": 1.0, ""source"": ""s2_text""}, {""display_name"": ""experimental"", ""score"": 1.0, ""source"": ""s2_text""}]",semantic_scholar
54,On Computing Universal Plans for Partially Observable Multi-Agent Path Finding.,iclp,2025,"Fengming Zhu, Fangzhen Lin",https://www.semanticscholar.org/paper/e93070839656c5ce32e8045c0e863f1f3fac343c,1,10.48550/arXiv.2305.16203,,e93070839656c5ce32e8045c0e863f1f3fac343c,Computer Science,1.0,Computer Science,1.0,,,,,universal,1.0,computing,0.666667,multi-agent,0.666667,"[{""display_name"": ""Computer Science"", ""score"": 1.0, ""source"": ""s2FieldsOfStudy""}]","[{""display_name"": ""universal"", ""score"": 1.0, ""source"": ""s2_text""}, {""display_name"": ""computing"", ""score"": 0.666667, ""source"": ""s2_text""}, {""display_name"": ""multi-agent"", ""score"": 0.666667, ""source"": ""s2_text""}]",semantic_scholar
55,færdXel: An Expert System for Danish Traffic Law.,iclp,2025,"Luís Cruz-Filipe, Jonas Vistrup",https://www.semanticscholar.org/paper/50483d809c852ff3c370adffe3b88be8c8c047e7,1,10.4204/eptcs.439.26,https://openalex.org/W4403884668,50483d809c852ff3c370adffe3b88be8c8c047e7,Business Process Modeling and Analysis,0.9872000217437744,Business Process Modeling and Analysis,0.9872000217437744,Multi-Agent Systems and Negotiation,0.9855999946594238,Artificial Intelligence in Law,0.9825000166893005,Danish,0.7928025722503662,Law,0.4794275164604187,Political science,0.42686817049980164,"[{""id"": ""https://openalex.org/T10703"", ""display_name"": ""Business Process Modeling and Analysis"", ""score"": 0.9872000217437744}, {""id"": ""https://openalex.org/T10456"", ""display_name"": ""Multi-Agent Systems and Negotiation"", ""score"": 0.9855999946594238}, {""id"": ""https://openalex.org/T13643"", ""display_name"": ""Artificial Intelligence in Law"", ""score"": 0.9825000166893005}]","[{""id"": ""https://openalex.org/keywords/danish"", ""display_name"": ""Danish"", ""score"": 0.7928025722503662}, {""id"": ""https://openalex.org/keywords/law"", ""display_name"": ""Law"", ""score"": 0.4794275164604187}, {""id"": ""https://openalex.org/keywords/political-science"", ""display_name"": ""Political science"", ""score"": 0.42686817049980164}]",openalex_s2_doi
56,VERUS-LM: a Versatile Framework for Combining LLMs with Symbolic Reasoning.,iclp,2025,"Benjamin Callewaert, Simon Vandevelde, Joost Vennekens",10.4204/eptcs.439.5,2,10.4204/eptcs.439.5,https://openalex.org/W4406841238,,Natural Language Processing Techniques,0.9986000061035156,Natural Language Processing Techniques,0.9986000061035156,Semantic Web and Ontologies,0.9182999730110168,,,Computer science,0.4677329957485199,,,,,"[{""id"": ""https://openalex.org/T10181"", ""display_name"": ""Natural Language Processing Techniques"", ""score"": 0.9986000061035156}, {""id"": ""https://openalex.org/T10215"", ""display_name"": ""Semantic Web and Ontologies"", ""score"": 0.9182999730110168}]","[{""id"": ""https://openalex.org/keywords/computer-science"", ""display_name"": ""Computer science"", ""score"": 0.4677329957485199}]",openalex_doi
57,The Combined Problem of Online Task Assignment and Lifelong Path Finding in Logistics Warehouses: A Case Study.,iclp,2025,"Fengming Zhu, Weijia Xu, Yifei Guo, Fangzhen Lin",https://www.semanticscholar.org/paper/e5ff76754d4abf3706da55f595650315ac0cdad4,1,10.48550/arXiv.2502.07332,,e5ff76754d4abf3706da55f595650315ac0cdad4,Business,1.0,Business,1.0,Engineering,0.85,Computer Science,0.7,assignment,1.0,case,1.0,combined,1.0,"[{""display_name"": ""Business"", ""score"": 1.0, ""source"": ""s2FieldsOfStudy""}, {""display_name"": ""Engineering"", ""score"": 0.85, ""source"": ""s2FieldsOfStudy""}, {""display_name"": ""Computer Science"", ""score"": 0.7, ""source"": ""s2FieldsOfStudy""}]","[{""display_name"": ""assignment"", ""score"": 1.0, ""source"": ""s2_text""}, {""display_name"": ""case"", ""score"": 1.0, ""source"": ""s2_text""}, {""display_name"": ""combined"", ""score"": 1.0, ""source"": ""s2_text""}]",semantic_scholar
58,A refined operational semantics for FreeCHR.,iclp,2025,"Sascha Rechenberger, Thom Frühwirth",https://www.semanticscholar.org/paper/37924b7ebd2fe2cc1c3e0e2c90a9de2f5584e422,1,10.4204/eptcs.439.20,https://openalex.org/W4416118013,37924b7ebd2fe2cc1c3e0e2c90a9de2f5584e422,"Logic, programming, and type systems",0.36629998683929443,"Logic, programming, and type systems",0.36629998683929443,Constraint Satisfaction and Optimization,0.28790000081062317,Model-Driven Software Engineering Techniques,0.13770000636577606,Implementation,0.8177000284194946,Semantics (computer science),0.7520999908447266,Operational semantics,0.7422999739646912,"[{""id"": ""https://openalex.org/T10126"", ""display_name"": ""Logic, programming, and type systems"", ""score"": 0.36629998683929443}, {""id"": ""https://openalex.org/T11596"", ""display_name"": ""Constraint Satisfaction and Optimization"", ""score"": 0.28790000081062317}, {""id"": ""https://openalex.org/T11450"", ""display_name"": ""Model-Driven Software Engineering Techniques"", ""score"": 0.13770000636577606}]","[{""id"": ""https://openalex.org/keywords/implementation"", ""display_name"": ""Implementation"", ""score"": 0.8177000284194946}, {""id"": ""https://openalex.org/keywords/semantics"", ""display_name"": ""Semantics (computer science)"", ""score"": 0.7520999908447266}, {""id"": ""https://openalex.org/keywords/operational-semantics"", ""display_name"": ""Operational semantics"", ""score"": 0.7422999739646912}]",openalex_s2_doi
59,VECSR: Virtually Embodied Common Sense Reasoning System.,iclp,2025,"Alexis R. Tudor, Joaquín Arias, Gopal Gupta",10.4204/eptcs.439.7,2,10.4204/eptcs.439.7,https://openalex.org/W4415030911,,Semantic Web and Ontologies,0.9767000079154968,Semantic Web and Ontologies,0.9767000079154968,Robotics and Automated Systems,0.9229999780654907,AI-based Problem Solving and Planning,0.9067999720573425,Semantic reasoner,0.7745000123977661,Exploit,0.6970000267028809,Set (abstract data type),0.599399983882904,"[{""id"": ""https://openalex.org/T10215"", ""display_name"": ""Semantic Web and Ontologies"", ""score"": 0.9767000079154968}, {""id"": ""https://openalex.org/T13382"", ""display_name"": ""Robotics and Automated Systems"", ""score"": 0.9229999780654907}, {""id"": ""https://openalex.org/T10906"", ""display_name"": ""AI-based Problem Solving and Planning"", ""score"": 0.9067999720573425}]","[{""id"": ""https://openalex.org/keywords/semantic-reasoner"", ""display_name"": ""Semantic reasoner"", ""score"": 0.7745000123977661}, {""id"": ""https://openalex.org/keywords/exploit"", ""display_name"": ""Exploit"", ""score"": 0.6970000267028809}, {""id"": ""https://openalex.org/keywords/set"", ""display_name"": ""Set (abstract data type)"", ""score"": 0.599399983882904}]",openalex_doi
60,A framework for Conditional Reasoning in Answer Set Programming.,iclp,2025,"Mario Alviano, Laura Giordano, Daniele Theseider Dupré",10.4204/eptcs.439.13,4,10.4204/eptcs.439.13,https://openalex.org/W4416131195,,"Logic, Reasoning, and Knowledge",0.9832000136375427,"Logic, Reasoning, and Knowledge",0.9832000136375427,Multi-Agent Systems and Negotiation,0.010400000028312206,Advanced Algebra and Logic,0.0010000000474974513,Answer set programming,0.7799999713897705,Set (abstract data type),0.41999998688697815,Logic programming,0.41690000891685486,"[{""id"": ""https://openalex.org/T11010"", ""display_name"": ""Logic, Reasoning, and Knowledge"", ""score"": 0.9832000136375427}, {""id"": ""https://openalex.org/T10456"", ""display_name"": ""Multi-Agent Systems and Negotiation"", ""score"": 0.010400000028312206}, {""id"": ""https://openalex.org/T11727"", ""display_name"": ""Advanced Algebra and Logic"", ""score"": 0.0010000000474974513}]","[{""id"": ""https://openalex.org/keywords/answer-set-programming"", ""display_name"": ""Answer set programming"", ""score"": 0.7799999713897705}, {""id"": ""https://openalex.org/keywords/set"", ""display_name"": ""Set (abstract data type)"", ""score"": 0.41999998688697815}, {""id"": ""https://openalex.org/keywords/logic-programming"", ""display_name"": ""Logic programming"", ""score"": 0.41690000891685486}]",openalex_doi
61,The ASP-based Nurse Scheduling System at the University of Yamanashi Hospital.,iclp,2025,"Hidetomo Nabeshima, Mutsunori Banbara, Torsten Schaub, Takehide Soh",10.4204/eptcs.439.23,3,10.4204/eptcs.439.23,https://openalex.org/W4415109222,,Pharmacy and Medical Practices,0.9593999981880188,Pharmacy and Medical Practices,0.9593999981880188,Scheduling and Timetabling Solutions,0.9085000157356262,,,Staffing,0.6136999726295471,Nurse scheduling problem,0.6035000085830688,Scheduling (production processes),0.6000000238418579,"[{""id"": ""https://openalex.org/T13970"", ""display_name"": ""Pharmacy and Medical Practices"", ""score"": 0.9593999981880188}, {""id"": ""https://openalex.org/T12401"", ""display_name"": ""Scheduling and Timetabling Solutions"", ""score"": 0.9085000157356262}]","[{""id"": ""https://openalex.org/keywords/staffing"", ""display_name"": ""Staffing"", ""score"": 0.6136999726295471}, {""id"": ""https://openalex.org/keywords/nurse-scheduling-problem"", ""display_name"": ""Nurse scheduling problem"", ""score"": 0.6035000085830688}, {""id"": ""https://openalex.org/keywords/scheduling"", ""display_name"": ""Scheduling (production processes)"", ""score"": 0.6000000238418579}]",openalex_doi
62,Machine Learning Model Integration with Open World Temporal Logic for Process Automation.,iclp,2025,"Dyuman Aditya, Colton Payne, Mario Leiva, Paulo Shakarian",10.4204/eptcs.439.4,2,10.4204/eptcs.439.4,https://openalex.org/W7119526246,,Business Process Modeling and Analysis,0.2628999948501587,Business Process Modeling and Analysis,0.2628999948501587,Explainable Artificial Intelligence (XAI),0.25380000472068787,AI-based Problem Solving and Planning,0.03610000014305115,Automation,0.5213000178337097,Transparency (behavior),0.48660001158714294,Process (computing),0.43320000171661377,"[{""id"": ""https://openalex.org/T10703"", ""display_name"": ""Business Process Modeling and Analysis"", ""score"": 0.2628999948501587}, {""id"": ""https://openalex.org/T12026"", ""display_name"": ""Explainable Artificial Intelligence (XAI)"", ""score"": 0.25380000472068787}, {""id"": ""https://openalex.org/T10906"", ""display_name"": ""AI-based Problem Solving and Planning"", ""score"": 0.03610000014305115}]","[{""id"": ""https://openalex.org/keywords/automation"", ""display_name"": ""Automation"", ""score"": 0.5213000178337097}, {""id"": ""https://openalex.org/keywords/transparency"", ""display_name"": ""Transparency (behavior)"", ""score"": 0.48660001158714294}, {""id"": ""https://openalex.org/keywords/process"", ""display_name"": ""Process (computing)"", ""score"": 0.43320000171661377}]",openalex_doi
63,Interpretable Hybrid Machine Learning Models Using FOLD-R++ and Answer Set Programming.,iclp,2025,"Sanne Wielinga, Jesse Heyninck",10.4204/eptcs.439.9,5,10.4204/eptcs.439.9,https://openalex.org/W4414684487,,Explainable Artificial Intelligence (XAI),0.9854999780654907,Explainable Artificial Intelligence (XAI),0.9854999780654907,Bayesian Modeling and Causal Inference,0.9846000075340271,"Logic, Reasoning, and Knowledge",0.9739999771118164,Interpretability,0.8849999904632568,Set (abstract data type),0.5504000186920166,Artificial neural network,0.45980000495910645,"[{""id"": ""https://openalex.org/T12026"", ""display_name"": ""Explainable Artificial Intelligence (XAI)"", ""score"": 0.9854999780654907}, {""id"": ""https://openalex.org/T11303"", ""display_name"": ""Bayesian Modeling and Causal Inference"", ""score"": 0.9846000075340271}, {""id"": ""https://openalex.org/T11010"", ""display_name"": ""Logic, Reasoning, and Knowledge"", ""score"": 0.9739999771118164}]","[{""id"": ""https://openalex.org/keywords/interpretability"", ""display_name"": ""Interpretability"", ""score"": 0.8849999904632568}, {""id"": ""https://openalex.org/keywords/set"", ""display_name"": ""Set (abstract data type)"", ""score"": 0.5504000186920166}, {""id"": ""https://openalex.org/keywords/artificial-neural-network"", ""display_name"": ""Artificial neural network"", ""score"": 0.45980000495910645}]",openalex_doi
64,An ASP-Based Framework for MUSes.,iclp,2025,"Mohimenul Kabir, Kuldeep S Meel",10.4204/eptcs.439.3,4,10.4204/eptcs.439.3,https://openalex.org/W4415345332,,Semantic Web and Ontologies,0.8931999802589417,Semantic Web and Ontologies,0.8931999802589417,Service-Oriented Architecture and Web Services,0.7973999977111816,Scientific Computing and Data Management,0.7332000136375427,Enumeration,0.9157999753952026,Set (abstract data type),0.6708999872207642,Representation (politics),0.5853000283241272,"[{""id"": ""https://openalex.org/T10215"", ""display_name"": ""Semantic Web and Ontologies"", ""score"": 0.8931999802589417}, {""id"": ""https://openalex.org/T10679"", ""display_name"": ""Service-Oriented Architecture and Web Services"", ""score"": 0.7973999977111816}, {""id"": ""https://openalex.org/T11986"", ""display_name"": ""Scientific Computing and Data Management"", ""score"": 0.7332000136375427}]","[{""id"": ""https://openalex.org/keywords/enumeration"", ""display_name"": ""Enumeration"", ""score"": 0.9157999753952026}, {""id"": ""https://openalex.org/keywords/set"", ""display_name"": ""Set (abstract data type)"", ""score"": 0.6708999872207642}, {""id"": ""https://openalex.org/keywords/representation"", ""display_name"": ""Representation (politics)"", ""score"": 0.5853000283241272}]",openalex_doi
65,A Simple and Effective ASP-Based Tool for Enumerating Minimal Hitting Sets.,iclp,2025,"Mohimenul Kabir, Kuldeep S Meel",10.4204/eptcs.439.17,5,10.4204/eptcs.439.17,https://openalex.org/W4417423260,,"Logic, Reasoning, and Knowledge",0.9789000153541565,"Logic, Reasoning, and Knowledge",0.9789000153541565,Constraint Satisfaction and Optimization,0.0027000000700354576,Multi-Agent Systems and Negotiation,0.0024999999441206455,Set (abstract data type),0.6506999731063843,Leverage (statistics),0.6255999803543091,Simple (philosophy),0.48730000853538513,"[{""id"": ""https://openalex.org/T11010"", ""display_name"": ""Logic, Reasoning, and Knowledge"", ""score"": 0.9789000153541565}, {""id"": ""https://openalex.org/T11596"", ""display_name"": ""Constraint Satisfaction and Optimization"", ""score"": 0.0027000000700354576}, {""id"": ""https://openalex.org/T10456"", ""display_name"": ""Multi-Agent Systems and Negotiation"", ""score"": 0.0024999999441206455}]","[{""id"": ""https://openalex.org/keywords/set"", ""display_name"": ""Set (abstract data type)"", ""score"": 0.6506999731063843}, {""id"": ""https://openalex.org/keywords/leverage"", ""display_name"": ""Leverage (statistics)"", ""score"": 0.6255999803543091}, {""id"": ""https://openalex.org/keywords/simple"", ""display_name"": ""Simple (philosophy)"", ""score"": 0.48730000853538513}]",openalex_doi
66,Reasoning about Medical Triage Optimization with Logic Programming.,iclp,2025,"Jaikrishna Manojkumar Patil, Adam Chapman, Richard Knuszka, John Chapman, Paulo Shakarian",10.4204/eptcs.439.22,3,10.4204/eptcs.439.22,https://openalex.org/W4414943507,,"Logic, Reasoning, and Knowledge",0.9884999990463257,"Logic, Reasoning, and Knowledge",0.9884999990463257,AI-based Problem Solving and Planning,0.9332000017166138,Semantic Web and Ontologies,0.9248999953269958,Logic programming,0.6353999972343445,Triage,0.5228999853134155,Resource allocation,0.39239999651908875,"[{""id"": ""https://openalex.org/T11010"", ""display_name"": ""Logic, Reasoning, and Knowledge"", ""score"": 0.9884999990463257}, {""id"": ""https://openalex.org/T10906"", ""display_name"": ""AI-based Problem Solving and Planning"", ""score"": 0.9332000017166138}, {""id"": ""https://openalex.org/T10215"", ""display_name"": ""Semantic Web and Ontologies"", ""score"": 0.9248999953269958}]","[{""id"": ""https://openalex.org/keywords/logic-programming"", ""display_name"": ""Logic programming"", ""score"": 0.6353999972343445}, {""id"": ""https://openalex.org/keywords/triage"", ""display_name"": ""Triage"", ""score"": 0.5228999853134155}, {""id"": ""https://openalex.org/keywords/resource-allocation"", ""display_name"": ""Resource allocation"", ""score"": 0.39239999651908875}]",openalex_doi
67,Picat Through the Lens of Advent of Code.,iclp,2025,"Neng-Fa Zhou, Cristian Grozea, Håkan Kjellerstrand, Oisín Mac Fhearaí",10.4204/eptcs.439.36,1,10.4204/eptcs.439.36,https://openalex.org/W4415139386,,3D Surveying and Cultural Heritage,0.8270000219345093,3D Surveying and Cultural Heritage,0.8270000219345093,,,,,Implementation,0.651199996471405,Constraint programming,0.6328999996185303,Code (set theory),0.5597000122070312,"[{""id"": ""https://openalex.org/T11211"", ""display_name"": ""3D Surveying and Cultural Heritage"", ""score"": 0.8270000219345093}]","[{""id"": ""https://openalex.org/keywords/implementation"", ""display_name"": ""Implementation"", ""score"": 0.651199996471405}, {""id"": ""https://openalex.org/keywords/constraint-programming"", ""display_name"": ""Constraint programming"", ""score"": 0.6328999996185303}, {""id"": ""https://openalex.org/keywords/code"", ""display_name"": ""Code (set theory)"", ""score"": 0.5597000122070312}]",openalex_doi
68,An LLM + ASP Workflow for Joint Entity-Relation Extraction.,iclp,2025,"Trang Tran, Trung Hoang Le, Huiping Cao, Tran Cao Son",10.4204/eptcs.439.6,4,10.4204/eptcs.439.6,https://openalex.org/W4414489713,,Service-Oriented Architecture and Web Services,0.9750000238418579,Service-Oriented Architecture and Web Services,0.9750000238418579,Data Quality and Management,0.9603999853134155,Semantic Web and Ontologies,0.9513999819755554,Workflow,0.8652999997138977,Task (project management),0.6223000288009644,Domain (mathematical analysis),0.6157000064849854,"[{""id"": ""https://openalex.org/T10679"", ""display_name"": ""Service-Oriented Architecture and Web Services"", ""score"": 0.9750000238418579}, {""id"": ""https://openalex.org/T11719"", ""display_name"": ""Data Quality and Management"", ""score"": 0.9603999853134155}, {""id"": ""https://openalex.org/T10215"", ""display_name"": ""Semantic Web and Ontologies"", ""score"": 0.9513999819755554}]","[{""id"": ""https://openalex.org/keywords/workflow"", ""display_name"": ""Workflow"", ""score"": 0.8652999997138977}, {""id"": ""https://openalex.org/keywords/task"", ""display_name"": ""Task (project management)"", ""score"": 0.6223000288009644}, {""id"": ""https://openalex.org/keywords/domain"", ""display_name"": ""Domain (mathematical analysis)"", ""score"": 0.6157000064849854}]",openalex_doi
69,Extracting Policies from Quantified Answer Set Programs.,iclp,2025,"Martín Diéguez, Igor Stéphan",10.4204/eptcs.439.16,5,10.4204/eptcs.439.16,https://openalex.org/W7119479195,,"Logic, Reasoning, and Knowledge",0.9873999953269958,"Logic, Reasoning, and Knowledge",0.9873999953269958,Multi-Agent Systems and Negotiation,0.006200000178068876,Semantic Web and Ontologies,0.0006000000284984708,Answer set programming,0.8672000169754028,Stable model semantics,0.7364000082015991,Set (abstract data type),0.6565999984741211,"[{""id"": ""https://openalex.org/T11010"", ""display_name"": ""Logic, Reasoning, and Knowledge"", ""score"": 0.9873999953269958}, {""id"": ""https://openalex.org/T10456"", ""display_name"": ""Multi-Agent Systems and Negotiation"", ""score"": 0.006200000178068876}, {""id"": ""https://openalex.org/T10215"", ""display_name"": ""Semantic Web and Ontologies"", ""score"": 0.0006000000284984708}]","[{""id"": ""https://openalex.org/keywords/answer-set-programming"", ""display_name"": ""Answer set programming"", ""score"": 0.8672000169754028}, {""id"": ""https://openalex.org/keywords/stable-model-semantics"", ""display_name"": ""Stable model semantics"", ""score"": 0.7364000082015991}, {""id"": ""https://openalex.org/keywords/set"", ""display_name"": ""Set (abstract data type)"", ""score"": 0.6565999984741211}]",openalex_doi
70,Logic Programming with Extensible Types.,iclp,2025,"Ivan Perez, Angel Herranz",10.4204/eptcs.439.18,3,10.4204/eptcs.439.18,https://openalex.org/W7119470183,,"Logic, programming, and type systems",0.9726999998092651,"Logic, programming, and type systems",0.9726999998092651,Model-Driven Software Engineering Techniques,0.004699999932199717,"Logic, Reasoning, and Knowledge",0.004399999976158142,Functional logic programming,0.6985999941825867,Haskell,0.642799973487854,Declarative programming,0.6136999726295471,"[{""id"": ""https://openalex.org/T10126"", ""display_name"": ""Logic, programming, and type systems"", ""score"": 0.9726999998092651}, {""id"": ""https://openalex.org/T11450"", ""display_name"": ""Model-Driven Software Engineering Techniques"", ""score"": 0.004699999932199717}, {""id"": ""https://openalex.org/T11010"", ""display_name"": ""Logic, Reasoning, and Knowledge"", ""score"": 0.004399999976158142}]","[{""id"": ""https://openalex.org/keywords/functional-logic-programming"", ""display_name"": ""Functional logic programming"", ""score"": 0.6985999941825867}, {""id"": ""https://openalex.org/keywords/haskell"", ""display_name"": ""Haskell"", ""score"": 0.642799973487854}, {""id"": ""https://openalex.org/keywords/declarative-programming"", ""display_name"": ""Declarative programming"", ""score"": 0.6136999726295471}]",openalex_doi
71,Logic Tensor Network-Enhanced Generative Adversarial Network.,iclp,2025,"Nijesh Upreti, Vaishak Belle",10.4204/eptcs.439.8,3,10.4204/eptcs.439.8,https://openalex.org/W7119521607,,Generative Adversarial Networks and Image Synthesis,0.5169000029563904,Generative Adversarial Networks and Image Synthesis,0.5169000029563904,Topic Modeling,0.10279999673366547,Advanced Graph Neural Networks,0.0982000008225441,Generative grammar,0.6825000047683716,MNIST database,0.5504000186920166,Consistency (knowledge bases),0.5430999994277954,"[{""id"": ""https://openalex.org/T10775"", ""display_name"": ""Generative Adversarial Networks and Image Synthesis"", ""score"": 0.5169000029563904}, {""id"": ""https://openalex.org/T10028"", ""display_name"": ""Topic Modeling"", ""score"": 0.10279999673366547}, {""id"": ""https://openalex.org/T11273"", ""display_name"": ""Advanced Graph Neural Networks"", ""score"": 0.0982000008225441}]","[{""id"": ""https://openalex.org/keywords/generative-grammar"", ""display_name"": ""Generative grammar"", ""score"": 0.6825000047683716}, {""id"": ""https://openalex.org/keywords/mnist-database"", ""display_name"": ""MNIST database"", ""score"": 0.5504000186920166}, {""id"": ""https://openalex.org/keywords/consistency"", ""display_name"": ""Consistency (knowledge bases)"", ""score"": 0.5430999994277954}]",openalex_doi
72,Defeasible Conditionals using Answer Set Programming.,iclp,2025,"Racquel Dennison, Jesse Heyninck, Thomas Meyer",10.4204/eptcs.439.15,5,10.4204/eptcs.439.15,https://openalex.org/W7119511346,,"Logic, Reasoning, and Knowledge",0.9847999811172485,"Logic, Reasoning, and Knowledge",0.9847999811172485,Multi-Agent Systems and Negotiation,0.003700000001117587,Constraint Satisfaction and Optimization,0.0026000000070780516,Defeasible estate,0.8549000024795532,Defeasible reasoning,0.8047000169754028,Correctness,0.7799000144004822,"[{""id"": ""https://openalex.org/T11010"", ""display_name"": ""Logic, Reasoning, and Knowledge"", ""score"": 0.9847999811172485}, {""id"": ""https://openalex.org/T10456"", ""display_name"": ""Multi-Agent Systems and Negotiation"", ""score"": 0.003700000001117587}, {""id"": ""https://openalex.org/T11596"", ""display_name"": ""Constraint Satisfaction and Optimization"", ""score"": 0.0026000000070780516}]","[{""id"": ""https://openalex.org/keywords/defeasible-estate"", ""display_name"": ""Defeasible estate"", ""score"": 0.8549000024795532}, {""id"": ""https://openalex.org/keywords/defeasible-reasoning"", ""display_name"": ""Defeasible reasoning"", ""score"": 0.8047000169754028}, {""id"": ""https://openalex.org/keywords/correctness"", ""display_name"": ""Correctness"", ""score"": 0.7799000144004822}]",openalex_doi
73,Fixpoint Semantics for DatalogMTL with Negation.,iclp,2025,Samuele Pollaci,10.4204/eptcs.439.19,2,10.4204/eptcs.439.19,https://openalex.org/W7119502076,,"Logic, Reasoning, and Knowledge",0.2678999900817871,"Logic, Reasoning, and Knowledge",0.2678999900817871,Formal Methods in Verification,0.1793999969959259,Semantic Web and Ontologies,0.1657000035047531,Negation,0.8909000158309937,Negation as failure,0.6586999893188477,Formalism (music),0.5910999774932861,"[{""id"": ""https://openalex.org/T11010"", ""display_name"": ""Logic, Reasoning, and Knowledge"", ""score"": 0.2678999900817871}, {""id"": ""https://openalex.org/T10142"", ""display_name"": ""Formal Methods in Verification"", ""score"": 0.1793999969959259}, {""id"": ""https://openalex.org/T10215"", ""display_name"": ""Semantic Web and Ontologies"", ""score"": 0.1657000035047531}]","[{""id"": ""https://openalex.org/keywords/negation"", ""display_name"": ""Negation"", ""score"": 0.8909000158309937}, {""id"": ""https://openalex.org/keywords/negation-as-failure"", ""display_name"": ""Negation as failure"", ""score"": 0.6586999893188477}, {""id"": ""https://openalex.org/keywords/formalism"", ""display_name"": ""Formalism (music)"", ""score"": 0.5910999774932861}]",openalex_doi
74,On the Trap Space Semantics of Normal Logic Programs.,iclp,2025,"Van-Giang Trinh, Sylvain Soliman, François Fages, Belaid Benhamou",10.4204/eptcs.439.21,4,10.4204/eptcs.439.21,https://openalex.org/W4415033560,,"Logic, Reasoning, and Knowledge",0.9954000115394592,"Logic, Reasoning, and Knowledge",0.9954000115394592,Formal Methods in Verification,0.991100013256073,Semantic Web and Ontologies,0.9904000163078308,Well-founded semantics,0.5943999886512756,Proof-theoretic semantics,0.5162000060081482,Stable model semantics,0.5077000260353088,"[{""id"": ""https://openalex.org/T11010"", ""display_name"": ""Logic, Reasoning, and Knowledge"", ""score"": 0.9954000115394592}, {""id"": ""https://openalex.org/T10142"", ""display_name"": ""Formal Methods in Verification"", ""score"": 0.991100013256073}, {""id"": ""https://openalex.org/T10215"", ""display_name"": ""Semantic Web and Ontologies"", ""score"": 0.9904000163078308}]","[{""id"": ""https://openalex.org/keywords/well-founded-semantics"", ""display_name"": ""Well-founded semantics"", ""score"": 0.5943999886512756}, {""id"": ""https://openalex.org/keywords/proof-theoretic-semantics"", ""display_name"": ""Proof-theoretic semantics"", ""score"": 0.5162000060081482}, {""id"": ""https://openalex.org/keywords/stable-model-semantics"", ""display_name"": ""Stable model semantics"", ""score"": 0.5077000260353088}]",openalex_doi
75,"XAI-LAW: A Logic Programming Tool for Modeling, Explaining, and Learning Legal Decisions.",iclp,2025,"Agostino Dovier, Talissa Dreossi, Andrea Formisano, Benedetta Strizzolo",10.4204/eptcs.439.28,5,10.4204/eptcs.439.28,https://openalex.org/W7119499598,,"Logic, Reasoning, and Knowledge",0.5116000175476074,"Logic, Reasoning, and Knowledge",0.5116000175476074,Multi-Agent Systems and Negotiation,0.4271000027656555,Artificial Intelligence in Law,0.010499999858438969,Set (abstract data type),0.5785999894142151,Logic programming,0.5300999879837036,Process (computing),0.483599990606308,"[{""id"": ""https://openalex.org/T11010"", ""display_name"": ""Logic, Reasoning, and Knowledge"", ""score"": 0.5116000175476074}, {""id"": ""https://openalex.org/T10456"", ""display_name"": ""Multi-Agent Systems and Negotiation"", ""score"": 0.4271000027656555}, {""id"": ""https://openalex.org/T13643"", ""display_name"": ""Artificial Intelligence in Law"", ""score"": 0.010499999858438969}]","[{""id"": ""https://openalex.org/keywords/set"", ""display_name"": ""Set (abstract data type)"", ""score"": 0.5785999894142151}, {""id"": ""https://openalex.org/keywords/logic-programming"", ""display_name"": ""Logic programming"", ""score"": 0.5300999879837036}, {""id"": ""https://openalex.org/keywords/process"", ""display_name"": ""Process (computing)"", ""score"": 0.483599990606308}]",openalex_doi
76,Formally Explaining Decision Tree Models with Answer Set Programming.,iclp,2025,"Akihiro Takemura, Masayuki Otani, Katsumi Inoue",10.4204/eptcs.439.29,5,10.4204/eptcs.439.29,https://openalex.org/W7119526154,,"Logic, Reasoning, and Knowledge",0.4099000096321106,"Logic, Reasoning, and Knowledge",0.4099000096321106,Explainable Artificial Intelligence (XAI),0.40869998931884766,Bayesian Modeling and Causal Inference,0.03370000049471855,Answer set programming,0.6646000146865845,Decision tree,0.6636999845504761,Set (abstract data type),0.5473999977111816,"[{""id"": ""https://openalex.org/T11010"", ""display_name"": ""Logic, Reasoning, and Knowledge"", ""score"": 0.4099000096321106}, {""id"": ""https://openalex.org/T12026"", ""display_name"": ""Explainable Artificial Intelligence (XAI)"", ""score"": 0.40869998931884766}, {""id"": ""https://openalex.org/T11303"", ""display_name"": ""Bayesian Modeling and Causal Inference"", ""score"": 0.03370000049471855}]","[{""id"": ""https://openalex.org/keywords/answer-set-programming"", ""display_name"": ""Answer set programming"", ""score"": 0.6646000146865845}, {""id"": ""https://openalex.org/keywords/decision-tree"", ""display_name"": ""Decision tree"", ""score"": 0.6636999845504761}, {""id"": ""https://openalex.org/keywords/set"", ""display_name"": ""Set (abstract data type)"", ""score"": 0.5473999977111816}]",openalex_doi
77,xDNN(ASP): Explanation Generation System for Deep Neural Networks powered by Answer Set Programming.,iclp,2025,"Ly Ly Trieu, Tran Cao Son",10.4204/eptcs.439.30,5,10.4204/eptcs.439.30,https://openalex.org/W7119473922,,Explainable Artificial Intelligence (XAI),0.7353000044822693,Explainable Artificial Intelligence (XAI),0.7353000044822693,Multimodal Machine Learning Applications,0.05889999866485596,Topic Modeling,0.03500000014901161,Artificial neural network,0.6915000081062317,Deep learning,0.5878999829292297,Counterfactual conditional,0.5346999764442444,"[{""id"": ""https://openalex.org/T12026"", ""display_name"": ""Explainable Artificial Intelligence (XAI)"", ""score"": 0.7353000044822693}, {""id"": ""https://openalex.org/T11714"", ""display_name"": ""Multimodal Machine Learning Applications"", ""score"": 0.05889999866485596}, {""id"": ""https://openalex.org/T10028"", ""display_name"": ""Topic Modeling"", ""score"": 0.03500000014901161}]","[{""id"": ""https://openalex.org/keywords/artificial-neural-network"", ""display_name"": ""Artificial neural network"", ""score"": 0.6915000081062317}, {""id"": ""https://openalex.org/keywords/deep-learning"", ""display_name"": ""Deep learning"", ""score"": 0.5878999829292297}, {""id"": ""https://openalex.org/keywords/counterfactual-conditional"", ""display_name"": ""Counterfactual conditional"", ""score"": 0.5346999764442444}]",openalex_doi
78,Implementing the First-Order Logic of Here and There.,iclp,2025,"Jens Otten, Torsten Schaub",10.4204/eptcs.439.31,2,10.4204/eptcs.439.31,https://openalex.org/W7119493703,,"Logic, programming, and type systems",0.7728000283241272,"Logic, programming, and type systems",0.7728000283241272,"Logic, Reasoning, and Knowledge",0.15080000460147858,Formal Methods in Verification,0.030700000002980232,Sequent calculus,0.8166000247001648,Cut-elimination theorem,0.7060999870300293,Natural deduction,0.6488000154495239,"[{""id"": ""https://openalex.org/T10126"", ""display_name"": ""Logic, programming, and type systems"", ""score"": 0.7728000283241272}, {""id"": ""https://openalex.org/T11010"", ""display_name"": ""Logic, Reasoning, and Knowledge"", ""score"": 0.15080000460147858}, {""id"": ""https://openalex.org/T10142"", ""display_name"": ""Formal Methods in Verification"", ""score"": 0.030700000002980232}]","[{""id"": ""https://openalex.org/keywords/sequent-calculus"", ""display_name"": ""Sequent calculus"", ""score"": 0.8166000247001648}, {""id"": ""https://openalex.org/keywords/cut-elimination-theorem"", ""display_name"": ""Cut-elimination theorem"", ""score"": 0.7060999870300293}, {""id"": ""https://openalex.org/keywords/natural-deduction"", ""display_name"": ""Natural deduction"", ""score"": 0.6488000154495239}]",openalex_doi
79,Automated Theorem Proving for Prolog Verification.,iclp,2025,"Fred Mesnard, Thierry Marianne, Etienne Payet",10.29007/c25r,3,10.29007/c25r,https://openalex.org/W4399056052,,"Logic, programming, and type systems",0.9995999932289124,"Logic, programming, and type systems",0.9995999932289124,"Logic, Reasoning, and Knowledge",0.9968000054359436,Formal Methods in Verification,0.9958000183105469,Prolog,0.8856180906295776,Programming language,0.811104953289032,Automated theorem proving,0.7537273168563843,"[{""id"": ""https://openalex.org/T10126"", ""display_name"": ""Logic, programming, and type systems"", ""score"": 0.9995999932289124}, {""id"": ""https://openalex.org/T11010"", ""display_name"": ""Logic, Reasoning, and Knowledge"", ""score"": 0.9968000054359436}, {""id"": ""https://openalex.org/T10142"", ""display_name"": ""Formal Methods in Verification"", ""score"": 0.9958000183105469}]","[{""id"": ""https://openalex.org/keywords/prolog"", ""display_name"": ""Prolog"", ""score"": 0.8856180906295776}, {""id"": ""https://openalex.org/keywords/programming-language"", ""display_name"": ""Programming language"", ""score"": 0.811104953289032}, {""id"": ""https://openalex.org/keywords/automated-theorem-proving"", ""display_name"": ""Automated theorem proving"", ""score"": 0.7537273168563843}]",openalex_doi
80,Investigating the Grounding Bottleneck for a Large-Scale Configuration Problem: Existing Tools and Constraint-Aware Guessing.,iclp,2025,"Veronika Semmelrock, Gerhard Friedrich",10.4204/eptcs.439.33,1,10.4204/eptcs.439.33,https://openalex.org/W7119526250,,"Logic, Reasoning, and Knowledge",0.8460000157356262,"Logic, Reasoning, and Knowledge",0.8460000157356262,Topic Modeling,0.038600001484155655,Multimodal Machine Learning Applications,0.02459999918937683,Bottleneck,0.8032000064849854,Set (abstract data type),0.5953999757766724,Benchmark (surveying),0.49729999899864197,"[{""id"": ""https://openalex.org/T11010"", ""display_name"": ""Logic, Reasoning, and Knowledge"", ""score"": 0.8460000157356262}, {""id"": ""https://openalex.org/T10028"", ""display_name"": ""Topic Modeling"", ""score"": 0.038600001484155655}, {""id"": ""https://openalex.org/T11714"", ""display_name"": ""Multimodal Machine Learning Applications"", ""score"": 0.02459999918937683}]","[{""id"": ""https://openalex.org/keywords/bottleneck"", ""display_name"": ""Bottleneck"", ""score"": 0.8032000064849854}, {""id"": ""https://openalex.org/keywords/set"", ""display_name"": ""Set (abstract data type)"", ""score"": 0.5953999757766724}, {""id"": ""https://openalex.org/keywords/benchmark"", ""display_name"": ""Benchmark (surveying)"", ""score"": 0.49729999899864197}]",openalex_doi
81,On Zeno-like Behaviors in the Event Calculus with Goal-directed Answer Set Programming.,iclp,2025,"Ondřej Vašíček, Joaquin Arias, Jan Fiedor, Gopal Gupta, Brendan Hall, Bohuslav Křena, Brian Larson, Tomáš Vojnar",10.4204/eptcs.439.34,2,10.4204/eptcs.439.34,https://openalex.org/W7119513109,,Formal Methods in Verification,0.6399000287055969,Formal Methods in Verification,0.6399000287055969,"Logic, Reasoning, and Knowledge",0.30489999055862427,Petri Nets in System Modeling,0.006399999838322401,Event calculus,0.7942000031471252,Answer set programming,0.6295999884605408,Event (particle physics),0.593999981880188,"[{""id"": ""https://openalex.org/T10142"", ""display_name"": ""Formal Methods in Verification"", ""score"": 0.6399000287055969}, {""id"": ""https://openalex.org/T11010"", ""display_name"": ""Logic, Reasoning, and Knowledge"", ""score"": 0.30489999055862427}, {""id"": ""https://openalex.org/T11125"", ""display_name"": ""Petri Nets in System Modeling"", ""score"": 0.006399999838322401}]","[{""id"": ""https://openalex.org/keywords/event-calculus"", ""display_name"": ""Event calculus"", ""score"": 0.7942000031471252}, {""id"": ""https://openalex.org/keywords/answer-set-programming"", ""display_name"": ""Answer set programming"", ""score"": 0.6295999884605408}, {""id"": ""https://openalex.org/keywords/event"", ""display_name"": ""Event (particle physics)"", ""score"": 0.593999981880188}]",openalex_doi
82,Inductive First-Order Formula Synthesis by ASP: A Case Study in Invariant Inference.,iclp,2025,"Ziyi Yang, George Pîrlea, Ilya Sergey",10.4204/eptcs.439.35,3,10.4204/eptcs.439.35,https://openalex.org/W7119533616,,Model-Driven Software Engineering Techniques,0.2533999979496002,Model-Driven Software Engineering Techniques,0.2533999979496002,Formal Methods in Verification,0.11810000240802765,Natural Language Processing Techniques,0.09149999916553497,Invariant (physics),0.6736000180244446,Inference,0.642799973487854,Set (abstract data type),0.37770000100135803,"[{""id"": ""https://openalex.org/T11450"", ""display_name"": ""Model-Driven Software Engineering Techniques"", ""score"": 0.2533999979496002}, {""id"": ""https://openalex.org/T10142"", ""display_name"": ""Formal Methods in Verification"", ""score"": 0.11810000240802765}, {""id"": ""https://openalex.org/T10181"", ""display_name"": ""Natural Language Processing Techniques"", ""score"": 0.09149999916553497}]","[{""id"": ""https://openalex.org/keywords/invariant"", ""display_name"": ""Invariant (physics)"", ""score"": 0.6736000180244446}, {""id"": ""https://openalex.org/keywords/inference"", ""display_name"": ""Inference"", ""score"": 0.642799973487854}, {""id"": ""https://openalex.org/keywords/set"", ""display_name"": ""Set (abstract data type)"", ""score"": 0.37770000100135803}]",openalex_doi
83,Correcting Autonomous Driving Object Detection Misclassifications with Automated Commonsense Reasoning.,iclp,2025,"Keegan Kimbrell, Wang Tianhao, Feng Chen, Gopal Gupta",10.4204/eptcs.439.10,2,10.4204/eptcs.439.10,https://openalex.org/W7119988318,,Autonomous Vehicle Technology and Safety,0.7870000004768372,Autonomous Vehicle Technology and Safety,0.7870000004768372,Adversarial Robustness in Machine Learning,0.059300001710653305,Advanced Neural Network Applications,0.04039999842643738,Commonsense reasoning,0.8804000020027161,Commonsense knowledge,0.7383999824523926,Intersection (aeronautics),0.7296000123023987,"[{""id"": ""https://openalex.org/T11099"", ""display_name"": ""Autonomous Vehicle Technology and Safety"", ""score"": 0.7870000004768372}, {""id"": ""https://openalex.org/T11689"", ""display_name"": ""Adversarial Robustness in Machine Learning"", ""score"": 0.059300001710653305}, {""id"": ""https://openalex.org/T10036"", ""display_name"": ""Advanced Neural Network Applications"", ""score"": 0.04039999842643738}]","[{""id"": ""https://openalex.org/keywords/commonsense-reasoning"", ""display_name"": ""Commonsense reasoning"", ""score"": 0.8804000020027161}, {""id"": ""https://openalex.org/keywords/commonsense-knowledge"", ""display_name"": ""Commonsense knowledge"", ""score"": 0.7383999824523926}, {""id"": ""https://openalex.org/keywords/intersection"", ""display_name"": ""Intersection (aeronautics)"", ""score"": 0.7296000123023987}]",openalex_doi
84,Propositional Abduction via Only-Knowing: A Non-Monotonic Approach.,iclp,2025,"Sanderson Molick, Vaishak Belle",10.4204/eptcs.439.2,3,10.4204/eptcs.439.2,https://openalex.org/W7119683204,,"Logic, Reasoning, and Knowledge",0.9585999846458435,"Logic, Reasoning, and Knowledge",0.9585999846458435,Philosophy and History of Science,0.00860000029206276,Multi-Agent Systems and Negotiation,0.007699999958276749,Abductive reasoning,0.765500009059906,Accessibility relation,0.6252999901771545,Modal,0.5727999806404114,"[{""id"": ""https://openalex.org/T11010"", ""display_name"": ""Logic, Reasoning, and Knowledge"", ""score"": 0.9585999846458435}, {""id"": ""https://openalex.org/T10778"", ""display_name"": ""Philosophy and History of Science"", ""score"": 0.00860000029206276}, {""id"": ""https://openalex.org/T10456"", ""display_name"": ""Multi-Agent Systems and Negotiation"", ""score"": 0.007699999958276749}]","[{""id"": ""https://openalex.org/keywords/abductive-reasoning"", ""display_name"": ""Abductive reasoning"", ""score"": 0.765500009059906}, {""id"": ""https://openalex.org/keywords/accessibility-relation"", ""display_name"": ""Accessibility relation"", ""score"": 0.6252999901771545}, {""id"": ""https://openalex.org/keywords/modal"", ""display_name"": ""Modal"", ""score"": 0.5727999806404114}]",openalex_doi
85,Hybrid MKNF for Aeronautics Applications: Usage and Heuristics.,iclp,2025,"Arun Raveendran Nair Sheela, Florence De Grancey, Christophe Rey, Victor Charpenay",10.4204/eptcs.439.24,1,10.4204/eptcs.439.24,https://openalex.org/W7119695462,,Semantic Web and Ontologies,0.23970000445842743,Semantic Web and Ontologies,0.23970000445842743,AI-based Problem Solving and Planning,0.18150000274181366,Topic Modeling,0.08500000089406967,Heuristics,0.7092999815940857,Knowledge representation and reasoning,0.635699987411499,Domain (mathematical analysis),0.6327999830245972,"[{""id"": ""https://openalex.org/T10215"", ""display_name"": ""Semantic Web and Ontologies"", ""score"": 0.23970000445842743}, {""id"": ""https://openalex.org/T10906"", ""display_name"": ""AI-based Problem Solving and Planning"", ""score"": 0.18150000274181366}, {""id"": ""https://openalex.org/T10028"", ""display_name"": ""Topic Modeling"", ""score"": 0.08500000089406967}]","[{""id"": ""https://openalex.org/keywords/heuristics"", ""display_name"": ""Heuristics"", ""score"": 0.7092999815940857}, {""id"": ""https://openalex.org/keywords/knowledge-representation-and-reasoning"", ""display_name"": ""Knowledge representation and reasoning"", ""score"": 0.635699987411499}, {""id"": ""https://openalex.org/keywords/domain"", ""display_name"": ""Domain (mathematical analysis)"", ""score"": 0.6327999830245972}]",openalex_doi
86,An ASP-based Solution to the Medical Appointment Scheduling Problem.,iclp,2025,"Alina Vozna, Andrea Monaldini, Stefania Costantini, Valentina Pitoni, Dawid Pado",10.4204/eptcs.439.25,5,10.4204/eptcs.439.25,https://openalex.org/W7120084704,,Persona Design and Applications,0.13740000128746033,Persona Design and Applications,0.13740000128746033,Multimodal Machine Learning Applications,0.11720000207424164,Speech and dialogue systems,0.10429999977350235,Blueprint,0.7228000164031982,Interoperability,0.6841999888420105,Scheduling (production processes),0.645799994468689,"[{""id"": ""https://openalex.org/T14074"", ""display_name"": ""Persona Design and Applications"", ""score"": 0.13740000128746033}, {""id"": ""https://openalex.org/T11714"", ""display_name"": ""Multimodal Machine Learning Applications"", ""score"": 0.11720000207424164}, {""id"": ""https://openalex.org/T12031"", ""display_name"": ""Speech and dialogue systems"", ""score"": 0.10429999977350235}]","[{""id"": ""https://openalex.org/keywords/blueprint"", ""display_name"": ""Blueprint"", ""score"": 0.7228000164031982}, {""id"": ""https://openalex.org/keywords/interoperability"", ""display_name"": ""Interoperability"", ""score"": 0.6841999888420105}, {""id"": ""https://openalex.org/keywords/scheduling"", ""display_name"": ""Scheduling (production processes)"", ""score"": 0.645799994468689}]",openalex_doi
87,"Proceedings of the 9th Workshop on Advances in Argumentation in Artificial Intelligence (AI3 2025) co-located with the 41st International Conference on Logic Programming (ICLP 2025), Rende, Italy, September 13, 2025.",iclp,2025,"José Júlio Alferes, Luís Moniz Pereira",https://www.semanticscholar.org/paper/491ddddaf4b898429670ffb3182dde86d20d71af,1,,,491ddddaf4b898429670ffb3182dde86d20d71af,Computer Science,1.0,Computer Science,1.0,Philosophy,0.85,,,advances,1.0,argumentation,1.0,artificial,1.0,"[{""display_name"": ""Computer Science"", ""score"": 1.0, ""source"": ""s2FieldsOfStudy""}, {""display_name"": ""Philosophy"", ""score"": 0.85, ""source"": ""s2FieldsOfStudy""}]","[{""display_name"": ""advances"", ""score"": 1.0, ""source"": ""s2_text""}, {""display_name"": ""argumentation"", ""score"": 1.0, ""source"": ""s2_text""}, {""display_name"": ""artificial"", ""score"": 1.0, ""source"": ""s2_text""}]",semantic_scholar
88,"Joint Proceedings of the Workshops and Doctoral Consortium of the 41st International Conference on Logic Programming (ICLP-WS-DC 2025) co-located with 41st International Conference on Logic Programming (ICLP 2025), Rende, Italy, September 9-13, 2025.",iclp,2025,Rémy Haemmerlé,https://www.semanticscholar.org/paper/0abc223877f00d8dded1163cb92e085708fa8fd3,1,,,0abc223877f00d8dded1163cb92e085708fa8fd3,Computer Science,1.0,Computer Science,1.0,,,,,conference,1.0,international,1.0,logic,1.0,"[{""display_name"": ""Computer Science"", ""score"": 1.0, ""source"": ""s2FieldsOfStudy""}]","[{""display_name"": ""conference"", ""score"": 1.0, ""source"": ""s2_text""}, {""display_name"": ""international"", ""score"": 1.0, ""source"": ""s2_text""}, {""display_name"": ""logic"", ""score"": 1.0, ""source"": ""s2_text""}]",semantic_scholar
89,"Proceedings 40th International Conference on Logic Programming, ICLP 2024, University of Texas at Dallas, Dallas Texas, USA, October 14-17 2024.",iclp,2025,", Naif Alatrush, Sultan Alsarra, , Afraa Alshammari, , Luay Abdeljaber, , Niamat Zawad, , Latifur Khan, , Patrick T. Brandt, , Javier Osorio, , Vito J. D’Orazio, ",https://www.semanticscholar.org/paper/2e89b0445ac6bfe7055215687699d211013d64ea,1,10.48550/arxiv.2502.08453,https://openalex.org/W6892003762,2e89b0445ac6bfe7055215687699d211013d64ea,"Logic, Reasoning, and Knowledge",0.9853000044822693,"Logic, Reasoning, and Knowledge",0.9853000044822693,Multi-Agent Systems and Negotiation,0.0027000000700354576,Constraint Satisfaction and Optimization,0.00139999995008111,Logic programming,0.6765999794006348,Probabilistic logic,0.5598000288009644,Constraint logic programming,0.47130000591278076,"[{""id"": ""https://openalex.org/T11010"", ""display_name"": ""Logic, Reasoning, and Knowledge"", ""score"": 0.9853000044822693}, {""id"": ""https://openalex.org/T10456"", ""display_name"": ""Multi-Agent Systems and Negotiation"", ""score"": 0.0027000000700354576}, {""id"": ""https://openalex.org/T11596"", ""display_name"": ""Constraint Satisfaction and Optimization"", ""score"": 0.00139999995008111}]","[{""id"": ""https://openalex.org/keywords/logic-programming"", ""display_name"": ""Logic programming"", ""score"": 0.6765999794006348}, {""id"": ""https://openalex.org/keywords/probabilistic-logic"", ""display_name"": ""Probabilistic logic"", ""score"": 0.5598000288009644}, {""id"": ""https://openalex.org/keywords/constraint-logic-programming"", ""display_name"": ""Constraint logic programming"", ""score"": 0.47130000591278076}]",openalex_s2_doi
